Churn,AccountWeeks,ContractRenewal,DataPlan,DataUsage,CustServCalls,DayCalls,MonthlyCharge,RoamMins
0,128,1,1,2.7,1,110,89,10
0,107,1,1,3.7,1,123,82,13.7
0,137,1,0,0,0,114,52,12.2
0,84,0,0,0,2,71,57,6.6
0,75,0,0,0,3,113,41,10.1
0,118,0,0,0,0,98,57,6.3
0,121,1,1,2.03,3,88,87.3,7.5
0,147,0,0,0,0,79,36,7.1
0,117,1,0,0.19,1,97,63.9,8.7
0,141,0,1,3.02,0,84,93.2,11.2
1,65,1,0,0.29,4,137,44.9,12.7
0,74,1,0,0.34,0,127,49.4,9.1
0,168,1,0,0,1,96,31,11.2
0,95,1,0,0.44,3,88,52.4,12.3
0,62,1,0,0,4,70,47,13.1
1,161,1,0,0,4,67,84,5.4
0,85,1,1,3.73,1,139,95.3,13.8
0,93,1,0,0,3,114,51,8.1
0,76,1,1,2.7,1,66,78,10
0,73,1,0,0,1,90,52,13
0,147,1,0,0.31,0,117,50.1,10.6
1,77,1,0,0,5,89,26,5.7
0,130,1,0,0,0,112,38,9.5
0,111,1,0,0.39,2,103,34.9,7.7
0,132,1,0,0,0,86,35,10.3
0,174,1,0,0,3,76,45,15.5
0,57,1,1,2.57,0,115,78.7,9.5
0,54,1,0,0,3,73,37,14.7
0,20,1,0,0.32,0,109,58.2,6.3
0,49,1,0,0.21,1,117,41.1,11.1
0,142,1,0,0,2,95,27,14.2
0,75,1,0,0,1,105,56,10.3
0,172,1,0,0,3,121,39,12.6
1,12,1,0,0,1,118,64,11.8
0,57,1,1,2.24,0,94,69.4,8.3
0,72,1,1,3.97,3,80,95.7,14.7
0,36,1,1,3.92,0,128,78.2,14.5
0,78,1,0,0,1,64,42,10
0,136,0,1,2.84,3,106,79.4,10.5
0,149,1,0,0,1,94,47,11.1
0,98,1,0,0.3,3,102,39,9.4
1,135,0,1,3.94,0,85,86.4,14.6
0,34,1,0,0,2,82,46,10
0,160,1,0,0.38,3,77,32.8,9.2
0,64,1,0,0.24,1,67,48.4,3.5
0,59,1,1,2.3,2,97,62,8.5
0,65,1,0,0,3,120,50,13.2
0,142,1,0,0.35,2,133,47.5,7.4
1,119,1,0,0,5,114,47,8.8
0,97,1,1,2.97,1,135,71.7,11
0,52,1,0,0.32,3,108,59.2,7.8
0,60,1,0,0,1,57,56,6.8
0,10,1,0,0,2,112,48,11.4
0,96,1,0,0.21,2,117,52.1,9.3
1,87,1,0,0,5,83,45,9.7
0,81,1,0,0.11,1,67,53.1,10.2
0,141,1,0,0,1,98,37,8
1,121,1,1,1.57,3,129,56.7,5.8
0,68,1,0,0,3,70,47,12.1
0,125,1,0,0,1,103,55,12
0,174,1,0,0,1,97,48,11.4
0,116,1,1,3.13,2,83,92.3,11.6
0,74,1,1,3.94,2,91,93.4,14.6
0,149,1,1,3.4,3,92,81,12.6
0,38,1,0,0,2,98,37,8.2
0,40,1,1,1.67,2,74,56.7,6.2
0,43,0,0,0,0,105,61,9.3
0,113,0,0,0,0,93,39,8.3
0,126,1,0,0,1,70,55,7.8
1,150,1,0,0,4,101,45,13.8
0,138,1,0,0,3,93,56,11.8
0,162,1,1,3.27,0,97,87.7,12.1
0,147,1,0,0,3,83,55,8
0,90,1,0,0,1,146,54,7.3
0,85,1,0,0,0,109,54,12
0,50,1,0,0,1,90,46,6.1
1,82,1,0,0.21,0,109,69.1,11.7
1,144,1,0,0.21,4,117,20.1,8.2
0,46,1,0,0.26,2,72,53.6,8.2
0,70,1,0,0.3,1,98,46,15
0,144,1,0,0,1,99,60,13.2
0,116,0,0,0.3,3,104,58,12.6
0,55,1,1,2.97,3,123,69.7,11
0,70,1,1,2.65,1,101,91.5,9.8
1,106,1,0,0,2,96,57,12.4
0,128,1,1,2.32,0,104,73.2,8.6
1,94,1,0,0,4,105,41,8
0,111,1,0,0,1,118,55,12
0,74,1,1,2.94,2,104,66.4,10.9
1,128,1,0,0,1,125,62,13.9
0,82,1,0,0.17,1,61,43.7,11.1
1,155,1,0,0,0,100,51,8.9
0,80,1,0,0,1,100,36,7.9
0,78,1,0,0,3,93,59,9.5
0,90,1,0,0,3,71,47,10.6
0,104,1,0,0.3,1,106,58,9.8
0,73,1,0,0,0,110,46,13
0,99,1,0,0,4,87,52,8.7
1,120,1,0,0,1,131,54,5.3
1,77,1,0,0,2,72,61,9.8
0,98,1,1,1.19,4,114,60.9,4.4
0,108,1,0,0.34,0,137,50.4,14.6
0,135,1,0,0,0,82,36,10.5
0,95,1,0,0,1,99,39,12.5
0,122,1,0,0.39,1,94,47.9,11.3
0,95,1,0,0,4,65,57,11.8
0,36,1,1,2.43,2,102,90.3,9
0,93,1,1,2.65,1,131,61.5,9.8
0,141,1,1,2.73,1,91,64.3,10.1
0,157,1,0,0,3,90,52,9.6
0,120,1,0,0,1,100,56,8.3
0,103,1,0,0,2,117,51,12.6
0,98,1,0,0,4,117,44,12.1
0,125,1,0,0,1,108,40,13.3
0,63,1,0,0,1,125,25,9.4
1,36,0,1,5.4,0,89,110,20
0,64,1,0,0.29,1,83,43.9,14.2
1,74,1,0,0.21,1,114,69.1,9.4
0,112,1,1,2.7,2,117,60,10
0,97,1,0,0,2,125,60,8.7
0,46,1,0,0.21,1,92,58.1,13.1
0,41,1,1,1.94,0,102,68.4,7.2
0,121,1,0,0,3,103,49,9.8
0,193,1,0,0,1,124,41,11.6
0,130,1,0,0,2,119,36,9.2
0,85,1,0,0.4,1,52,58,12
1,162,1,0,0,4,108,26,9.1
1,61,1,1,1.73,4,124,62.3,6.4
0,92,1,0,0,2,90,33,9.2
0,131,1,1,2.57,3,115,76.7,9.5
0,90,1,0,0,3,92,44,10.9
0,75,1,0,0,1,125,42,6.1
0,78,1,0,0,1,115,59,9.5
0,82,1,0,0,4,96,52,7.1
0,163,1,0,0,1,109,51,9.1
0,91,0,0,0.31,3,112,40.1,11.2
0,75,1,1,1.43,5,97,63.3,5.3
0,91,1,0,0,3,106,53,12
0,127,1,1,3.02,1,117,72.2,11.2
0,113,1,1,2.75,2,101,75.5,10.2
0,110,1,0,0,1,115,49,12.4
0,120,1,1,2.84,0,68,81.4,10.5
0,157,1,1,1.84,3,107,68.4,6.8
0,103,1,0,0,1,47,59,11.7
1,117,0,0,0,2,86,44,14.1
0,140,1,0,0,3,101,54,14.3
0,127,1,0,0,1,91,43,13.7
0,83,0,0,0.26,1,87,67.6,11.7
0,121,1,0,0,1,121,50,8.5
0,145,1,1,3,2,97,88,11.1
0,113,1,0,0,1,99,52,10.6
0,117,1,0,0,1,119,36,10.1
0,65,1,0,0,1,116,46,7.5
0,56,1,0,0,1,112,60,6.9
0,96,1,0,0,5,115,57,11.5
0,151,1,0,0,0,116,56,9.8
1,83,1,0,0,0,120,77,15.8
0,139,1,1,3.7,0,129,85,13.7
0,6,1,0,0,1,117,54,10.2
0,115,1,1,2.59,1,124,65.9,9.6
0,87,1,0,0.31,0,97,41.1,7.1
0,141,1,0,0,0,110,58,12
0,141,1,1,2.84,3,99,81.4,10.5
0,62,1,0,0,1,103,29,12.2
0,146,1,0,0,1,151,48,6.1
0,92,1,1,3.27,2,92,92.7,12.1
0,185,1,1,2.03,1,126,67.3,7.5
0,148,1,0,0.39,1,102,59.9,10.9
0,94,1,1,3.46,1,124,80.6,12.8
0,32,1,0,0,0,87,56,6.3
0,68,1,0,0,1,105,60,13.2
0,64,1,1,2.86,2,91,74.6,10.6
0,25,1,0,0.14,3,87,40.4,10.5
0,65,1,0,0,1,87,36,14.1
0,179,1,0,0,0,92,50,6.1
0,94,1,0,0,2,104,58,11.1
0,62,1,0,0,0,91,42,12.2
0,127,1,0,0,2,103,54,11.5
0,116,1,0,0.23,3,93,48.3,16.2
0,70,1,0,0,3,122,65,0
0,94,0,1,2.57,4,125,77.7,9.5
1,126,1,0,0,5,94,22,11.9
0,67,1,1,2.67,2,111,66.7,9.9
0,19,1,0,0.14,2,98,55.4,14.6
0,170,0,0,0,3,68,66,8.4
0,73,1,0,0,1,145,60,10.8
0,106,1,0,0,1,74,33,10.2
0,93,1,0,0.19,2,71,67.9,10.9
0,164,1,0,0.27,1,111,44.7,9
0,51,1,0,0,1,109,56,9.1
0,107,1,0,0,0,85,39,8.9
0,130,1,0,0.35,1,109,41.5,9.5
0,80,1,0,0,2,74,53,8.8
0,94,1,0,0.22,0,118,43.2,13.4
0,118,1,1,2.57,1,52,89.7,9.5
0,117,1,1,1.84,1,86,67.4,6.8
0,78,1,0,0,0,119,41,9.7
1,208,1,0,0.33,2,67,74.3,10.7
1,131,0,1,3.73,4,101,104.3,13.8
0,63,1,0,0,0,64,30,13
0,53,1,1,3.54,3,146,79.4,13.1
0,62,1,0,0,2,101,59,11.2
0,97,1,0,0,3,86,53,6.4
0,105,1,0,0,2,109,40,6.8
0,157,1,0,0,1,105,48,9.4
0,66,1,1,3.27,1,76,68.7,12.1
0,122,1,0,0,2,98,49,13.7
0,38,1,0,0,3,94,49,10.8
0,106,1,0,0,3,95,50,12.2
0,99,1,0,0,3,112,58,15.8
0,99,1,0,0,1,72,55,11.6
0,144,0,0,0,0,100,56,11.9
0,82,1,1,2.89,1,131,76.9,10.7
0,86,1,1,3.29,1,139,71.9,12.2
1,70,0,0,0,2,98,58,17.6
0,93,1,0,0,3,93,46,11.5
0,93,1,0,0.31,0,89,45.1,10.9
0,120,1,0,0,3,80,50,4.7
1,136,1,0,0,1,121,66,13
0,106,1,0,0.4,0,121,52,7.1
0,81,1,0,0,3,116,45,12.2
0,127,1,1,2.75,1,114,71.5,10.2
0,65,1,0,0,1,112,47,4.4
0,35,1,0,0.32,2,113,49.2,8.9
0,88,1,0,0,2,97,26,13.8
0,65,1,0,0,1,111,57,2.7
0,123,1,0,0,3,85,56,7.7
0,126,1,1,2.59,2,78,73.9,9.6
0,104,1,1,3.59,4,136,102.9,13.3
0,45,1,1,3.21,0,84,93.1,11.9
1,93,0,0,0,0,109,65,10.5
0,63,0,1,2.97,1,110,88.7,11
0,100,1,0,0.25,3,96,55.5,13.5
0,53,1,0,0,0,97,48,10.9
0,92,0,0,0,1,140,50,9
1,139,1,0,0,5,106,41,10.2
0,110,1,1,2.43,2,103,69.3,9
0,110,1,0,0.31,3,117,33.1,9.8
0,215,1,0,0.31,0,148,28.1,10.7
0,73,1,0,0,1,86,47,9.4
0,138,1,0,0,0,89,45,12.9
1,137,0,0,0,2,95,35,12.3
0,36,1,0,0.25,1,77,61.5,8.4
0,85,1,0,0,3,81,54,7.1
1,108,1,0,0,0,99,57,9.4
0,22,1,0,0,0,107,33,9.5
0,107,1,1,3,0,102,49,11.1
0,51,1,0,0,0,94,50,10.2
0,94,1,0,0,4,85,49,9.2
0,119,1,1,3.19,2,114,81.9,11.8
1,33,1,1,3.75,4,99,74.5,13.9
0,106,1,0,0,4,91,50,14.4
0,82,1,0,0,3,90,55,9.1
0,86,1,1,2.57,0,101,65.7,9.5
0,97,0,0,0.28,0,117,50.8,10.9
0,106,1,1,3.81,4,126,85.1,14.1
0,108,1,0,0,1,122,39,9.8
0,114,1,0,0.29,1,118,38.9,14.5
1,92,0,0,0,1,111,26,10.4
0,59,1,0,0,1,79,47,8.7
0,24,1,1,1.81,1,110,64.1,6.7
0,151,1,0,0,1,88,36,15.4
0,117,1,0,0,1,103,43,11.5
0,78,1,0,0.51,1,110,53.1,12.5
0,155,1,0,0,2,55,62,8.3
0,114,1,1,3.08,1,79,88.8,11.4
0,114,1,1,2.27,4,94,77.7,8.4
0,119,1,0,0,3,89,38,13.5
0,64,1,1,1.22,0,104,40.2,4.5
0,118,0,0,0,2,123,43,9.9
0,101,1,0,0,0,105,55,14.6
0,117,1,0,0,1,121,39,7.7
0,49,1,1,2.16,3,78,78.6,8
0,139,1,0,0,3,104,53,13
0,92,1,1,2.7,1,90,70,10
0,83,1,0,0,3,103,58,9.8
0,148,0,0,0,0,88,55,11.1
1,144,1,1,1.76,2,96,60.6,6.5
0,131,1,1,2.94,2,85,81.4,10.9
0,146,0,0,0,3,135,54,10.5
0,143,1,0,0.42,2,97,49.2,13
0,81,1,0,0.13,2,93,53.3,10.4
0,48,1,1,3.29,1,115,82.9,12.2
0,86,1,1,2.43,1,74,87.3,9
0,71,1,0,0,3,108,50,6.7
0,145,1,1,4.21,2,90,83.1,15.6
0,137,1,0,0,2,122,46,8.8
0,137,1,0,0.27,2,88,55.7,14.5
0,167,1,0,0,0,88,47,14.1
1,89,1,0,0,1,95,74,5.3
0,199,1,1,2.16,0,121,79.6,8
0,132,1,0,0,0,110,28,9.7
0,94,1,0,0,1,112,47,5.9
1,96,1,1,2.78,5,93,67.8,10.3
0,96,1,1,2.65,1,86,67.5,9.8
0,166,1,0,0.29,1,115,52.9,9.5
0,74,1,0,0.2,2,83,38,10.1
0,36,1,0,0.34,0,117,46.4,11.9
0,113,1,0,0,4,129,56,6.6
0,94,1,0,0,1,98,48,6.6
0,67,1,0,0,2,80,39,11.9
1,127,1,0,0.26,1,106,70.6,5.9
1,121,1,0,0,0,108,59,11.2
0,158,1,0,0,1,106,52,9.1
0,136,1,0,0.34,1,117,41.4,10.3
0,196,1,0,0,2,109,61,9.1
1,113,1,0,0,1,111,70,8.5
1,122,1,0,0,4,99,69,11.4
0,112,1,0,0.29,0,101,52.9,11.4
0,209,1,0,0,3,128,61,8.9
1,62,1,0,0,1,109,61,13.2
0,110,1,1,2.62,1,102,83.2,9.7
0,16,1,0,0,0,69,50,10.9
0,73,1,0,0,0,136,40,9.8
0,128,1,0,0,0,99,39,18.9
0,39,1,0,0.23,1,158,39.3,12.4
0,103,1,1,2.08,2,105,64.8,7.7
0,119,1,1,2.05,3,66,62.5,7.6
0,173,1,1,1.35,3,96,71.5,5
1,128,0,1,2.54,2,81,80.4,9.4
0,86,1,0,0,0,79,52,6.2
0,114,1,1,3.48,1,79,71.8,12.9
0,104,1,0,0,0,107,46,10
0,148,1,0,0,1,134,36,11.3
0,129,1,0,0,3,91,49,13.4
0,100,1,1,1.92,0,104,48.2,7.1
0,121,1,1,3.08,1,95,60.8,11.4
0,143,1,1,2.57,1,109,86.7,9.5
0,76,1,0,0,0,130,53,12.5
0,158,1,0,0.14,0,97,57.4,14.4
0,116,1,0,0.24,3,98,62.4,7.9
1,54,1,0,0,1,83,68,9.5
1,86,1,0,0.3,7,121,42,12.2
0,108,1,0,0,0,99,52,9.3
0,66,1,0,0,1,95,48,7.5
0,151,1,1,2.32,1,97,72.2,8.6
0,99,1,0,0,0,70,52,10.6
0,55,1,0,0,2,121,49,7
0,77,1,0,0,2,104,63,7.6
0,78,1,0,0,0,67,56,14.6
1,89,1,0,0,1,63,52,9.1
0,101,1,0,0,1,115,54,10.8
0,44,1,1,3.78,0,105,89.8,14
0,98,1,1,0,2,98,26,0
0,64,1,1,3.59,1,92,69.9,13.3
0,141,1,0,0,3,131,60,7.2
0,81,1,1,3.29,1,117,70.9,12.2
0,162,1,0,0,1,117,51,10.5
0,83,1,1,3.54,3,122,76.4,13.1
1,100,1,0,0.34,4,63,31.4,12.8
0,59,1,0,0.51,4,104,54.1,11.3
0,179,0,1,2.73,4,78,85.3,10.1
0,79,1,0,0,1,112,41,5.3
0,117,1,0,0,2,95,49,14.7
1,64,0,0,0.18,2,77,60.8,13.2
0,31,1,0,0.28,1,105,37.8,12.7
0,124,0,0,0,1,89,58,11.3
0,122,1,1,2.3,2,85,66,8.5
0,37,0,1,2.48,1,122,68.8,9.2
0,90,1,1,1.57,1,109,64.7,5.8
1,159,0,0,0.44,1,53,75.4,8.8
0,148,1,0,0,0,83,37,11.3
0,39,1,1,3.24,1,121,76.4,12
0,77,1,0,0.14,2,87,49.4,11.3
0,194,1,0,0,0,88,46,10.9
1,154,1,0,0,1,75,79,10.1
0,112,1,0,0,4,96,56,9.1
0,45,1,0,0,1,127,35,18
0,132,1,0,0.22,1,110,36.2,7.6
0,128,1,0,0.28,0,99,59.8,16
0,135,1,0,0.42,1,81,58.2,10.3
0,56,1,0,0,2,110,53,10.6
1,151,0,0,0.29,0,57,49.9,12.4
0,32,1,0,0,2,98,48,14.8
0,90,1,0,0,2,77,49,9.2
0,87,1,1,2.86,0,113,80.6,10.6
0,138,1,0,0.43,2,87,44.3,11.2
0,79,1,0,0,1,123,54,6.7
1,95,0,0,0,1,84,53,11.5
0,127,1,0,0.33,2,100,55.3,6.8
0,137,1,0,0,3,118,58,14.7
0,97,1,0,0,1,107,39,14.7
0,149,0,0,0.18,0,87,44.8,5.7
0,117,0,1,1,1,82,71,3.7
0,84,1,0,0,2,125,49,7.2
0,137,1,0,0.45,4,113,62.5,10.7
0,99,1,0,0,3,64,49,8.9
0,54,1,0,0,1,102,54,8.5
0,85,1,0,0,1,95,41,10.7
0,150,1,0,0.36,3,99,45.6,10.2
0,43,1,0,0,1,125,50,11.1
0,35,1,0,0,0,129,40,8.7
0,98,1,0,0,5,92,51,12.4
0,112,1,0,0.27,2,76,57.7,9.4
1,16,1,0,0,0,78,57,10.8
0,98,1,1,2.62,0,89,82.2,9.7
0,84,1,0,0,0,102,41,7.8
1,94,1,0,0.18,1,103,65.8,2
0,84,1,0,0,1,129,42,8.5
1,66,1,0,0,1,91,48,10.6
0,98,1,1,3.24,1,105,72.4,12
0,74,1,0,0,0,124,48,10.6
0,96,1,1,2.67,1,108,68.7,9.9
0,119,1,0,0.34,1,122,55.4,11.2
0,73,1,0,0,4,80,52,7.5
0,92,0,0,0,0,91,59,9.3
0,21,1,0,0,0,78,35,6.8
1,122,1,0,0.29,4,134,45.9,8.5
0,133,0,0,0,1,108,43,10.3
0,145,1,0,0,2,110,49,4.8
0,25,1,0,0.26,2,90,45.6,8.4
0,64,1,0,0.28,2,80,35.8,10.4
0,85,1,0,0.2,0,85,67,5.4
0,126,1,0,0,3,112,61,7
0,76,1,0,0,0,77,40,10
1,113,1,0,0,2,47,65,8.7
1,224,0,0,0.26,1,99,45.6,5
0,117,1,0,0,0,84,56,9.8
0,128,1,1,4.32,1,73,84.2,16
0,115,1,0,0,2,98,60,7.5
0,141,1,1,2.51,2,126,83.1,9.3
0,51,1,0,0,1,114,60,15.3
0,100,1,0,0,0,122,59,12.5
0,96,1,1,2.78,3,124,82.8,10.3
0,112,1,1,3.05,1,110,79.5,11.3
0,129,0,0,0.39,1,131,52.9,10.9
0,163,1,0,0,1,129,31,12.5
0,67,1,1,2.59,1,65,62.9,9.6
0,140,1,0,0,3,91,47,11.2
0,49,1,0,0,2,69,44,12.4
1,46,1,0,0,2,100,65,13.3
0,148,1,0,0.39,1,98,58.9,11.4
0,112,1,0,0,1,77,57,12.8
0,78,1,0,0,2,106,42,11.8
0,61,1,1,2.32,0,101,90.2,8.6
0,58,1,1,3.02,1,80,81.2,11.2
0,155,1,0,0,1,123,58,8
1,100,1,0,0.32,0,76,66.2,8.3
0,113,1,0,0,1,93,55,13.5
0,81,1,0,0,2,99,43,6.3
0,135,1,1,3.32,1,141,93.2,12.3
0,99,1,0,0,0,93,49,12.4
0,59,1,1,1.84,1,114,60.4,6.8
0,135,1,0,0,1,129,58,12.6
0,85,0,0,0,2,107,45,9.6
0,70,1,0,0.31,0,103,35.1,11.1
0,88,1,0,0,3,116,44,9.6
0,55,1,0,0,2,100,61,6.9
0,75,1,0,0.34,1,114,41.4,12.2
0,79,1,1,1.7,4,79,80,6.3
0,85,1,0,0.25,0,107,47.5,12.5
0,86,1,1,2.65,0,107,86.5,9.8
0,91,1,0,0,0,115,47,8.3
0,149,1,1,3.86,1,77,96.6,14.3
1,97,1,0,0,1,125,67,11.1
1,88,1,0,0,1,124,66,14.8
0,60,1,0,0,2,88,33,9.3
0,54,1,0,0.16,2,99,51.6,9.7
0,11,1,1,1.62,3,86,68.2,6
0,109,1,0,0,0,120,42,11
0,90,1,0,0,1,128,64,9.6
0,115,1,0,0,3,109,45,9.6
0,144,1,1,2.73,1,109,55.3,10.1
0,91,1,0,0,0,75,40,5.9
0,105,1,1,2.3,0,85,75,8.5
1,71,0,0,0,3,113,45,13.6
1,132,1,1,2.84,3,103,82.4,10.5
0,112,1,0,0.38,1,103,49.8,11.6
0,86,1,1,3,3,163,57,11.1
0,41,1,1,4.64,2,63,101.4,17.2
0,44,1,0,0,1,146,55,10.6
0,78,1,0,0,3,116,34,9.5
0,149,1,0,0,1,117,24,6.3
1,72,1,1,1.67,4,59,60.7,6.2
0,139,1,1,4,0,101,97,14.8
0,74,1,0,0,3,111,38,9.9
0,50,1,0,0.29,1,106,60.9,11.7
0,141,1,1,2.05,3,112,60.5,7.6
0,140,1,0,0,1,134,40,8.1
0,99,1,0,0,2,102,46,11.2
0,166,1,0,0.21,1,108,55.1,11.6
0,124,1,0,0,1,123,42,5.3
0,74,1,0,0,0,116,42,8.1
0,117,1,0,0,2,95,48,13.3
0,85,1,0,0,3,132,58,11
0,36,1,1,1.81,0,111,55.1,6.7
0,102,0,0,0,0,103,59,12.8
0,76,1,0,0,0,100,60,10.5
0,165,1,0,0,1,126,60,0
0,130,1,0,0,1,119,46,12.3
0,78,1,0,0,0,119,57,12.8
1,55,0,0,0.32,1,91,58.2,14.3
1,92,0,0,0.21,2,113,47.1,9.4
0,129,1,1,1.59,2,104,60.9,5.9
0,18,1,0,0,1,93,57,8.2
0,161,0,0,0,2,114,42,11.1
0,93,1,1,2.16,2,134,67.6,8
0,144,1,0,0,2,93,55,11.9
1,75,0,0,0,4,61,45,9.7
0,95,1,0,0,1,91,51,7.5
0,126,1,1,3.4,3,102,70,12.6
0,124,1,1,2.03,1,104,82.3,7.5
1,93,0,0,0,1,61,55,17.5
0,109,0,1,2.51,0,138,75.1,9.3
0,80,1,0,0,0,97,49,12.4
0,41,1,0,0.19,1,66,39.9,11.1
0,136,1,1,3.08,2,88,75.8,11.4
1,92,1,0,0,3,122,55,5.6
0,143,1,1,3.13,1,69,82.3,11.6
1,118,1,1,2.59,5,114,71.9,9.6
0,193,1,1,3.32,1,102,72.2,12.3
0,73,1,0,0,3,94,58,14.8
0,62,1,0,0,2,101,47,9.1
0,30,1,1,1.78,0,74,73.8,6.6
1,60,0,1,3.78,0,113,101.8,14
0,148,1,1,4.73,1,137,80.3,17.5
0,96,1,0,0,2,100,43,7.6
0,52,1,0,0.35,2,68,53.5,9.4
0,87,1,0,0,1,92,48,12.9
0,41,1,0,0.21,3,97,50.1,9
0,112,1,0,0,1,108,58,11.6
1,88,1,0,0,4,86,27,8.2
0,122,1,1,2.48,7,84,87.8,9.2
0,61,1,0,0,2,108,21,9.8
0,87,1,0,0.38,1,105,57.8,13
0,176,1,0,0.25,2,125,25.5,10.5
0,30,1,0,0,0,88,55,12.5
0,95,1,1,3.21,0,126,51.1,11.9
0,46,1,0,0,2,133,35,8.6
0,100,0,0,0.19,0,110,42.9,12.1
0,47,1,1,2.11,2,77,67.1,7.8
0,77,1,0,0,2,112,47,6.7
0,98,1,1,2.89,2,61,86.9,10.7
0,125,1,1,1.46,1,117,52.6,5.4
0,67,1,0,0.22,4,97,61.2,9.2
0,194,1,0,0,1,101,33,18.2
0,128,1,1,3.78,1,88,79.8,14
0,190,1,1,2.3,0,93,67,8.5
0,165,1,0,0,0,126,54,12.4
0,59,1,0,0,2,113,37,9.9
0,47,1,1,2.11,1,94,60.1,7.8
0,150,1,1,1.78,0,77,67.8,6.6
1,152,0,1,3.83,9,120,100.3,14.2
0,26,1,0,0,3,109,59,3.5
0,79,1,1,3.29,3,90,71.9,12.2
0,95,1,1,3.21,1,106,76.1,11.9
1,69,0,0,0,2,90,69,8.4
1,95,0,1,2.78,5,91,68.8,10.3
0,31,1,1,1.59,0,54,53.9,5.9
0,121,1,1,2.73,4,63,85.3,10.1
1,111,1,0,0,4,58,45,7.9
0,157,1,0,0,2,111,56,11.5
1,44,1,0,0.21,3,112,73.1,10.2
0,61,0,0,0,2,103,30,10.1
0,65,1,0,0,2,80,48,12.7
0,74,1,1,3.54,2,84,79.4,13.1
0,123,1,0,0,0,77,53,12
0,58,1,1,2.57,1,110,77.7,9.5
1,74,1,0,0,2,96,51,8.3
0,125,1,0,0.39,2,97,38.9,7.7
0,80,1,0,0,1,103,48,10.7
0,53,1,1,1.94,0,107,71.4,7.2
0,99,1,1,2.46,1,88,81.6,9.1
0,99,1,0,0.33,1,106,37.3,10.9
0,66,1,1,2.16,2,104,82.6,8
0,97,1,0,0,3,76,52,4.7
0,75,1,1,3.05,2,97,74.5,11.3
0,85,0,0,0,2,73,53,3.6
0,108,1,0,0,2,88,64,10
1,133,0,1,4.16,2,137,102.6,15.4
0,51,1,0,0,1,108,48,10.3
0,186,1,1,3.92,2,107,67.2,14.5
0,44,0,0,0,1,92,34,10.8
0,64,1,1,2.43,3,88,84.3,9
1,44,1,0,0.33,2,121,66.3,9.9
0,114,1,1,3.83,1,90,108.3,14.2
0,92,1,0,0.16,3,74,55.6,13.7
0,110,1,0,0.29,2,112,43.9,11.7
0,90,1,1,2.08,1,76,71.8,7.7
0,72,1,1,4.46,1,108,105.6,16.5
1,113,1,0,0,1,151,66,7.4
0,171,1,1,2.75,3,77,81.5,10.2
0,104,1,0,0,1,109,42,10.7
0,165,1,0,0.13,1,75,43.3,10.3
1,104,1,0,0,0,128,65,9.8
0,110,1,0,0,1,102,24,10.2
0,90,0,0,0,1,97,56,8.4
0,114,1,0,0.4,1,85,38,7.4
1,101,1,0,0,5,118,38,13.5
0,117,1,1,2.32,1,81,56.2,8.6
0,109,1,0,0.42,2,105,67.2,11.3
0,82,1,0,0,1,96,40,12.9
0,92,1,0,0.31,2,85,41.1,9.6
0,82,1,1,2.57,2,111,82.7,9.5
0,90,1,0,0,2,138,49,12.5
0,87,1,1,0,1,95,39,0
0,124,1,0,0,3,70,38,9.6
0,39,1,0,0,2,68,36,9.1
0,84,1,0,0,1,80,42,12.3
0,75,1,1,2.48,0,62,78.8,9.2
0,102,1,0,0,2,89,39,9.1
1,62,0,0,0,0,86,44,13.9
0,143,1,0,0.27,1,109,51.7,4.6
0,53,1,0,0,3,95,33,11.6
0,30,1,0,0,1,144,49,11.4
1,112,1,0,0,2,77,76,12.7
0,129,1,0,0,0,119,49,13.1
0,63,1,1,1.78,1,107,52.8,6.6
0,28,1,0,0,0,94,54,10.6
0,111,1,0,0,3,55,48,8.7
0,91,1,0,0,3,120,53,11.6
0,90,1,0,0,1,83,47,12.7
0,151,1,0,0.24,4,108,49.4,7.7
1,105,0,1,3.56,1,82,92.6,13.2
0,41,1,1,1.97,2,110,79.7,7.3
0,48,1,1,2.16,1,111,68.6,8
0,166,0,1,2.38,2,138,69.8,8.8
0,79,1,0,0,3,119,47,14
0,153,1,0,0,1,107,47,11.6
1,110,0,0,0,0,79,66,14.5
0,163,1,0,0,1,89,49,12.8
0,126,1,0,0,1,88,34,11.5
0,105,1,1,2.86,2,68,77.6,10.6
0,172,1,0,0,3,140,50,7.1
0,126,1,0,0,0,110,47,5.1
0,97,1,0,0.27,3,91,46.7,13.8
1,95,0,1,1.11,0,109,65.1,4.1
0,87,1,0,0,4,105,58,7.4
0,97,1,0,0,1,119,38,6.5
1,76,1,0,0,0,125,71,13.7
0,140,1,0,0,0,107,48,13.9
0,169,1,0,0,0,112,37,9.5
0,68,1,1,1.3,3,97,52,4.8
0,122,1,1,4.21,2,104,75.1,15.6
0,36,1,0,0,2,129,50,10.8
0,120,1,1,2.75,5,84,70.5,10.2
0,121,1,0,0,1,105,43,9.2
0,64,1,1,2.03,0,106,62.3,7.5
0,13,1,1,3.48,1,94,92.8,12.9
0,106,1,0,0,0,83,34,11.4
0,88,1,0,0,2,92,43,7.9
0,74,1,0,0,1,120,45,9.8
0,83,1,0,0,0,92,52,11
0,49,1,0,0,0,79,59,15.6
0,111,1,1,3.78,1,114,91.8,14
0,50,1,1,2.3,3,112,82,8.5
0,153,1,1,4.16,0,74,101.6,15.4
0,88,1,0,0,1,91,44,7.5
0,131,1,1,2.46,0,122,45.6,9.1
1,79,1,0,0,3,97,63,6
0,140,1,0,0,2,81,62,11.5
0,105,1,0,0.38,1,100,57.8,9.5
0,54,1,1,2.48,3,143,71.8,9.2
0,87,1,1,2.3,3,65,77,8.5
0,96,1,1,2.84,1,126,76.4,10.5
1,79,1,0,0,5,85,44,9.4
0,55,1,0,0,0,147,44,9.3
0,130,1,0,0,2,101,50,9.3
0,34,1,0,0,0,102,37,9.9
0,139,1,0,0.29,1,103,40.9,8.3
1,109,1,0,0,1,69,71,9.5
0,65,1,1,3.24,1,70,93.4,12
0,63,1,0,0.37,0,80,60.7,12.3
0,152,1,0,0,3,126,45,7.4
0,147,1,0,0,1,95,50,7.8
0,112,1,1,2.48,2,110,75.8,9.2
0,120,1,0,0,2,120,56,9.6
0,27,1,0,0,0,102,44,9.2
0,171,1,0,0,1,135,56,12.3
0,101,1,1,4.19,0,108,92.9,15.5
0,32,1,1,4.4,1,109,110,16.3
0,3,1,1,3.21,2,117,71.1,11.9
0,151,1,0,0.43,0,106,47.3,11.8
0,60,1,0,0.35,3,99,46.5,11.2
0,119,1,0,0.39,1,90,53.9,7.5
0,43,1,0,0,1,101,53,5.9
0,42,1,0,0,0,134,51,10.6
0,84,1,0,0,1,99,57,9.4
0,65,1,0,0.33,0,110,52.3,8.9
1,75,0,0,0,1,78,66,8.7
0,116,1,0,0,1,90,49,13.1
0,107,1,0,0,0,100,35,9.3
0,189,1,1,3.08,3,98,87.8,11.4
0,123,1,0,0,1,94,48,6.5
0,110,1,0,0.24,3,90,39.4,11.1
0,63,1,1,2.32,1,113,45.2,8.6
0,176,1,0,0,3,76,57,10.1
0,108,1,0,0,1,101,49,12.6
0,13,1,1,3.27,3,105,104.7,12.1
0,71,1,0,0,1,104,59,8.2
0,88,1,0,0,2,111,50,14.9
0,137,1,0,0,1,119,42,10.2
0,82,1,0,0,4,36,56,5.7
0,92,1,1,2.16,3,110,64.6,8
0,165,1,0,0,6,91,50,10.9
0,96,1,0,0,1,98,26,11.6
0,156,1,0,0.33,1,94,49.3,7.5
0,63,1,0,0,0,104,49,9.1
0,37,1,0,0,0,89,51,8.4
0,98,1,0,0,0,86,54,11
0,121,1,0,0,0,110,29,10.7
0,94,1,0,0.15,0,95,39.5,7.7
0,99,1,0,0,1,110,47,14.1
0,163,1,1,2.81,1,104,72.1,10.4
0,161,1,0,0.32,3,95,58.2,6.5
0,99,1,0,0,1,81,31,8.5
0,108,1,0,0,1,78,54,3.6
0,84,1,1,2.05,3,97,68.5,7.6
0,83,0,1,2.86,2,111,58.6,10.6
0,139,1,0,0,2,81,48,9.7
0,69,1,0,0.29,3,70,54.9,12.5
0,129,1,0,0,4,114,50,11.4
0,106,1,0,0.31,2,104,30.1,0
0,158,1,0,0,2,101,56,6.9
0,168,1,1,1.97,2,70,67.7,7.3
1,115,0,0,0,1,95,64,15.3
0,57,0,1,3.08,2,130,87.8,11.4
0,67,1,0,0,1,116,55,7.2
0,127,1,0,0,1,124,46,9.3
0,78,1,0,0,2,88,49,11.7
0,100,1,1,2,0,88,65,7.4
1,103,1,1,2.94,6,92,59.4,10.9
0,113,1,0,0,1,96,54,13.5
0,78,1,0,0,3,109,44,14
0,129,1,1,4.43,1,103,92.3,16.4
0,57,1,0,0.2,2,100,45,11.9
0,82,1,0,0,1,116,39,7.8
0,64,1,0,0,1,111,55,9.2
0,86,1,1,3.43,2,122,97.3,12.7
0,151,1,1,3.62,0,98,85.2,13.4
1,94,1,0,0,3,105,64,11.5
0,90,1,0,0,2,121,61,8
0,48,1,0,0,2,94,63,7.2
0,85,1,1,2.57,2,123,76.7,9.5
0,93,0,1,3.27,1,110,79.7,12.1
0,169,0,0,0,3,98,27,6.5
1,68,1,0,0,5,86,41,11
1,91,0,0,0,2,89,40,16.7
0,68,1,0,0,1,123,48,11.4
0,101,1,0,0,1,72,51,8.8
0,67,1,1,2.54,1,40,81.4,9.4
0,66,1,0,0,0,133,30,11.5
0,116,1,1,3.08,5,112,84.8,11.4
0,158,1,0,0,1,126,49,10.4
0,78,1,0,0,1,122,54,9.1
0,119,1,1,1.78,1,97,66.8,6.6
0,120,1,0,0.3,1,85,39,6.4
0,155,1,0,0.34,1,102,52.4,7.8
0,106,1,0,0,1,120,61,8.7
0,87,0,0,0,1,119,46,11
0,146,1,1,2.21,3,80,64.1,8.2
0,101,1,1,2.73,0,116,64.3,10.1
0,22,1,1,3.43,3,94,79.3,12.7
0,90,1,0,0,2,88,31,11
0,41,1,0,0.34,1,105,50.4,9.6
0,69,1,0,0,2,76,50,11.4
0,33,1,0,0,2,88,57,9.8
0,112,1,0,0,1,108,41,13.1
0,108,1,1,2.65,2,99,92.5,9.8
0,136,1,1,2.57,2,88,71.7,9.5
0,128,1,0,0,1,84,55,10.1
0,27,1,0,0,2,128,54,8.4
0,161,0,0,0,1,78,55,1.3
0,33,1,1,4.05,0,124,94.5,15
0,120,1,1,3.08,0,83,75.8,11.4
0,113,1,0,0,2,97,50,8.7
1,122,0,0,0,0,132,60,11
0,148,1,1,4.1,2,150,93,15.2
0,74,1,0,0,3,93,59,9.7
0,106,1,0,0.26,1,104,56.6,11
0,179,1,0,0,1,54,46,13.3
1,149,0,1,2.38,5,97,59.8,8.8
0,77,1,0,0,0,112,50,9.2
1,127,0,0,0,1,110,45,7.7
0,80,1,0,0,1,99,45,10.6
0,106,1,0,0,1,107,46,10.7
0,61,1,1,2.84,0,133,85.4,10.5
0,135,0,1,1.57,2,54,55.7,5.8
0,115,1,1,3.67,6,107,84.7,13.6
0,167,0,0,0,2,100,58,10.1
0,107,0,0,0,2,104,63,11
0,112,0,0,0,1,138,45,10.7
0,35,1,1,2.54,1,87,79.4,9.4
0,103,0,0,0.38,3,124,29.8,9.4
0,107,1,1,3.02,1,83,90.2,11.2
0,69,1,0,0,3,70,62,10.7
0,85,1,0,0,0,82,53,11.3
1,24,1,0,0,2,86,63,11.1
0,90,1,0,0,2,97,47,11.8
0,137,1,0,0,3,79,38,10.5
0,92,0,1,2.03,0,88,85.3,7.5
0,38,1,0,0,2,86,48,14.1
1,69,0,1,2.21,1,98,90.1,8.2
0,45,1,0,0,2,108,38,9
0,73,1,0,0,1,118,53,15.1
0,92,1,0,0,1,84,57,10.8
0,113,1,1,2.27,1,89,64.7,8.4
1,68,0,0,0,1,126,44,14.5
0,135,1,1,3.94,2,113,95.4,14.6
0,100,1,1,4.29,1,115,80.9,15.9
0,96,1,1,3.05,1,96,94.5,11.3
0,108,1,0,0,1,102,60,9.4
0,84,1,0,0,0,88,60,6.5
0,134,1,0,0.35,1,86,60.5,12.6
0,72,1,0,0,0,73,62,9.8
0,83,1,0,0,0,87,52,6.8
0,137,1,0,0,0,120,43,10.2
0,56,1,1,3.27,1,89,69.7,12.1
0,61,0,1,3.05,0,76,76.5,11.3
0,171,1,1,1.57,1,94,68.7,5.8
0,123,1,0,0,1,118,54,12.1
0,58,1,0,0.19,0,89,50.9,9.9
0,156,1,0,0,1,96,30,13.1
0,166,1,0,0,0,103,54,15.3
0,75,1,1,3.35,1,115,73.5,12.4
1,75,1,0,0,2,102,68,5.7
0,83,1,0,0,1,78,57,12.1
0,243,1,0,0,2,92,31,6.6
0,153,1,0,0,1,127,50,15.1
0,150,1,0,0.26,1,133,45.6,13.1
0,92,1,1,3.43,2,99,72.3,12.7
0,80,1,0,0,0,110,22,13.1
0,134,1,0,0.31,1,110,47.1,11.7
0,77,1,1,2.73,1,74,63.3,10.1
0,147,1,0,0,2,104,47,11.3
0,74,1,0,0,1,105,48,11.6
0,138,0,0,0,1,82,48,9.4
0,143,1,0,0.42,0,117,49.2,12.2
0,64,1,0,0,2,147,48,5.5
0,120,1,0,0,2,56,54,9.9
1,121,0,0,0,3,94,37,13.4
0,88,1,0,0,2,86,53,11.8
1,87,1,0,0,2,106,73,9.4
0,100,1,0,0.3,0,107,59,10.2
0,104,1,0,0,3,116,23,9.4
0,27,1,0,0,1,75,31,9.9
0,81,1,1,2.62,0,100,81.2,9.7
0,64,0,1,2.19,0,93,57.9,8.1
0,107,1,1,3.21,1,79,93.1,11.9
0,88,1,1,4.35,1,78,100.5,16.1
0,111,1,0,0,3,112,40,9
0,77,1,0,0,5,114,54,10.3
0,67,0,0,0,2,58,41,11.4
0,102,1,0,0,1,81,50,15.8
0,146,1,1,3.94,1,88,83.4,14.6
0,144,1,1,2.7,1,98,92,10
1,96,1,0,0,1,92,47,10.3
0,70,1,1,2.78,1,101,66.8,10.3
0,149,1,0,0,0,79,57,9.1
0,129,1,0,0,2,91,57,9.2
0,166,1,0,0,0,110,52,10.9
1,136,0,0,0,3,89,52,11
0,149,1,0,0,3,91,61,9.6
0,70,1,0,0,3,96,43,7.6
0,120,1,1,2.62,2,73,85.2,9.7
0,66,1,0,0,2,135,59,6.2
0,104,1,0,0.27,1,133,44.7,12.7
0,160,1,0,0,1,90,47,9.2
0,129,1,1,3.16,1,94,80.6,11.7
1,93,1,0,0,3,114,65,11.3
0,169,1,0,0,2,111,46,9.9
0,58,1,0,0,1,145,43,14.9
0,75,1,1,3.54,3,132,76.4,13.1
0,45,1,0,0,1,71,49,12.4
0,155,1,0,0,3,108,44,8.9
0,52,1,0,0,4,114,51,9.9
0,119,1,1,3,0,128,91,11.1
0,86,1,0,0,1,72,38,8.2
0,42,1,0,0,0,89,54,4
0,127,0,0,0.26,2,114,51.6,7.4
0,123,1,0,0,0,150,40,14.9
1,98,1,0,0,4,119,63,11.1
0,149,1,1,2.94,1,79,79.4,10.9
0,160,1,0,0.18,1,109,50.8,9.3
0,103,1,0,0,5,107,47,10.4
0,132,1,1,2.46,1,128,72.6,9.1
0,137,1,0,0,1,107,50,7.5
0,129,0,0,0,1,78,63,5.9
0,62,1,0,0,1,66,62,0
0,122,1,1,3.19,4,96,96.9,11.8
0,32,1,0,0,1,82,45,10.2
0,86,1,0,0,3,82,39,6.7
0,130,1,0,0.35,1,113,56.5,7.2
0,42,1,0,0,1,84,47,8
0,73,1,0,0,2,85,56,15
0,66,1,1,1.46,2,108,78.6,5.4
0,103,1,1,2.4,0,124,59,8.9
0,128,1,0,0,1,75,50,7.6
0,104,1,0,0.23,2,113,54.3,5.5
0,103,1,0,0,0,112,38,12.4
0,124,1,0,0,0,72,51,12
0,87,1,0,0,1,91,33,6.2
1,109,1,1,3.32,1,85,81.2,12.3
0,167,0,0,0,2,91,47,10.7
1,97,1,0,0,4,96,35,11.9
0,106,1,0,0.25,2,118,48.5,8.5
0,125,1,0,0,2,113,35,14.4
0,108,1,1,4.19,0,106,95.9,15.5
0,125,1,0,0.3,1,132,45,8
0,89,1,1,2.35,1,113,80.5,8.7
0,72,0,1,1.49,0,114,50.9,5.5
1,23,1,0,0,2,107,77,11.3
0,149,1,0,0,7,61,47,8.2
0,73,1,0,0,0,90,54,5.9
1,61,1,0,0,1,123,63,9
1,161,1,0,0.16,4,113,40.6,13.4
0,73,1,0,0,0,95,53,13.5
0,118,1,1,4.56,1,83,75.6,16.9
0,23,1,0,0,6,89,47,15
0,127,1,1,1.38,0,95,41.8,5.1
0,42,1,1,2.19,0,80,64.9,8.1
1,118,1,0,0,5,145,73,14.4
0,45,1,0,0,2,91,38,10.6
0,50,1,1,2.86,1,129,90.6,10.6
1,179,1,0,0,0,123,74,10.5
0,152,1,0,0.22,2,122,32.2,7.5
0,105,1,0,0,2,74,42,13.2
0,72,1,0,0,0,97,29,8.3
0,52,1,0,0,1,67,56,5.2
0,125,1,0,0,1,110,46,11
0,143,1,0,0.29,1,113,36.9,9.2
0,65,1,0,0,1,51,38,4.4
0,80,1,0,0,1,121,53,9.3
0,1,1,0,0,1,107,35,13.8
0,60,1,0,0,1,134,41,7.9
0,43,1,0,0,1,134,22,10.8
0,143,1,0,0,0,127,45,14
0,81,1,1,3.08,0,117,69.8,11.4
0,205,1,1,2.11,2,139,65.1,7.8
0,24,1,0,0,1,104,54,6.6
0,74,1,0,0,0,106,43,9.8
0,77,1,0,0,1,68,29,12
0,74,1,0,0,1,87,61,10
1,74,0,0,0,1,103,40,14.1
0,200,1,0,0,1,87,34,11.2
0,86,1,0,0,4,88,58,13
0,91,1,1,2.48,0,107,72.8,9.2
0,76,1,0,0,2,121,51,6.7
0,130,1,0,0,1,127,37,14.3
0,56,1,0,0.32,2,90,34.2,11.9
0,117,1,0,0,0,137,50,15.5
0,63,1,0,0.36,2,81,54.6,6.5
0,126,1,0,0,0,88,51,6.4
0,132,1,0,0.31,1,107,54.1,12.6
1,81,1,1,2.48,4,147,69.8,9.2
0,122,1,0,0,2,88,43,11.5
1,46,1,0,0,2,67,66,13.4
0,150,1,1,2.97,1,75,74.7,11
0,99,1,0,0,1,83,41,8.4
0,87,1,0,0,1,124,60,11
0,108,1,0,0,1,129,39,7.9
0,101,1,0,0,4,89,47,11.6
0,53,1,0,0.22,3,86,51.2,10.7
0,132,1,1,2.32,2,93,69.2,8.6
0,158,1,0,0,2,123,46,8.6
0,114,1,1,2.78,0,109,73.8,10.3
0,77,1,1,1.92,2,73,71.2,7.1
0,144,0,0,0.27,0,69,52.7,9.4
0,91,1,1,3.32,3,97,89.2,12.3
0,58,1,0,0,2,100,38,12.8
0,5,1,0,0,3,106,50,13.3
0,97,1,0,0.29,0,81,67.9,4.2
0,107,1,0,0.47,3,95,53.7,7.7
0,142,1,1,2.92,1,75,70.2,10.8
0,9,1,1,3.59,1,130,86.9,13.3
0,73,1,0,0,0,130,51,12.2
1,48,1,1,4.24,2,63,90.4,15.7
0,43,1,0,0.36,0,147,58.6,9.2
1,122,1,1,3.65,1,103,87.5,13.5
0,93,1,0,0.42,0,68,59.2,8.8
0,85,1,0,0,1,122,50,11.5
0,59,1,0,0.28,3,95,51.8,5
0,87,1,0,0.29,1,90,55.9,11.8
0,137,1,0,0.26,0,90,42.6,12.3
0,21,1,1,2.57,6,90,72.7,9.5
1,129,1,0,0,0,118,74,10.4
0,104,1,0,0,0,77,34,13
1,93,1,1,3.19,4,105,68.9,11.8
1,63,1,0,0,4,102,70,13.1
0,161,1,0,0,0,70,37,7.8
0,50,1,0,0,3,94,50,11.6
0,103,1,1,1.86,1,85,58.6,6.9
0,84,1,1,3.51,1,106,75.1,13
0,92,1,0,0.29,1,105,58.9,9
0,77,1,0,0,1,112,51,9.9
1,64,0,0,0,1,55,81,13.3
0,159,1,1,3.19,1,102,63.9,11.8
1,110,0,1,2.24,1,103,90.4,8.3
0,138,1,0,0.28,3,117,41.8,17
0,178,1,0,0,1,150,63,13.6
0,38,1,1,1.05,0,118,65.5,3.9
0,50,1,1,2.13,2,97,66.3,7.9
0,45,1,1,2.08,1,104,49.8,7.7
0,70,1,0,0.17,0,99,35.7,9.6
0,147,1,1,2.81,3,107,91.1,10.4
0,94,1,0,0,1,108,46,7.5
0,179,1,0,0,0,101,37,11.6
0,116,1,0,0.23,2,91,58.3,11.3
0,59,1,0,0,0,80,51,14.7
0,165,1,0,0,0,109,50,7.9
1,133,1,0,0,2,138,67,12.8
0,140,1,0,0,1,84,36,8.4
0,93,1,1,1.84,2,91,56.4,6.8
0,52,1,1,2.21,0,88,70.1,8.2
0,64,1,1,3.32,1,101,80.2,12.3
0,12,0,0,0,2,117,47,9.8
0,48,1,0,0,2,92,60,8.3
0,181,1,0,0,1,91,41,6
0,168,1,1,3.08,2,57,64.8,11.4
0,155,1,0,0,3,111,46,11.3
0,105,1,0,0,0,83,64,3.8
0,11,1,0,0,2,130,49,9.7
0,182,1,0,0.36,2,111,38.6,8
0,104,1,0,0,1,93,43,13.1
0,102,1,0,0,0,125,27,12
0,122,1,0,0,0,96,57,11.9
0,41,1,0,0,1,117,38,8.6
0,132,1,0,0,2,132,51,9.1
1,76,1,0,0,1,148,65,11.4
0,13,1,0,0,1,74,38,11.3
0,115,1,1,3.83,2,72,80.3,14.2
0,67,1,0,0.42,1,91,47.2,8.4
0,154,1,0,0,0,99,42,7.2
0,100,1,0,0,2,87,41,7.8
0,146,0,0,0,1,65,45,11.2
0,148,1,1,3.32,1,129,101.2,12.3
0,67,1,1,2.7,2,94,68,10
1,161,0,0,0,1,106,55,12.9
0,70,1,0,0,1,114,57,0
0,116,1,0,0,0,82,54,16.5
1,99,1,1,2.51,2,125,82.1,9.3
0,87,1,0,0.29,1,108,42.9,5.3
0,87,1,0,0.32,1,85,55.2,9.5
0,70,1,0,0,2,111,52,10.6
0,131,1,0,0,2,80,35,13.1
0,119,1,0,0.18,2,74,52.8,10
0,119,1,1,3.24,3,77,74.4,12
0,87,0,0,0,0,80,37,10.7
1,112,1,0,0,5,92,29,14.1
0,75,1,0,0,2,89,39,10.7
0,150,1,0,0,4,77,51,9.2
0,161,1,1,4.35,0,112,102.5,16.1
0,91,0,1,2.67,0,112,58.7,9.9
0,124,1,0,0,3,104,45,10.2
0,94,0,0,0,4,109,54,7.2
0,217,1,0,0,4,115,44,9.3
0,158,1,0,0.31,0,129,62.1,6.4
0,102,1,0,0.33,0,87,51.3,7.1
0,85,1,0,0,0,107,56,7.7
0,79,1,0,0,1,72,40,8.4
0,139,1,1,3.48,2,112,66.8,12.9
0,103,1,0,0,0,118,60,10.3
0,98,0,0,0,1,67,24,7.7
0,78,1,0,0.21,2,116,46.1,10.1
0,50,1,0,0,1,107,37,8.7
0,161,1,0,0,1,109,43,8.5
0,67,1,0,0,0,101,43,7
0,86,1,1,3.59,1,158,68.9,13.3
0,92,1,0,0,0,125,53,8.6
0,174,1,0,0.29,1,72,59.9,8.8
0,124,1,0,0,1,97,41,15.3
0,132,1,1,2.78,1,101,78.8,10.3
0,190,1,1,2.67,1,71,59.7,9.9
0,101,1,0,0,1,127,29,10.7
0,185,0,1,3.48,2,114,71.8,12.9
0,68,1,1,2.67,0,82,85.7,9.9
0,117,1,1,3.19,0,140,87.9,11.8
0,118,1,0,0.32,1,97,50.2,12.2
0,124,1,0,0.21,0,119,51.1,10.3
0,22,1,0,0,1,108,46,12.5
0,75,1,0,0,1,92,43,11.9
0,134,1,0,0,1,122,56,5
0,164,1,1,3.86,1,88,89.6,14.3
0,44,1,0,0.32,1,77,42.2,7.6
0,177,1,0,0,2,106,55,12.5
0,110,1,0,0,0,81,49,8.9
0,53,1,1,1.76,1,119,39.6,6.5
1,108,1,0,0,4,123,36,15.4
1,80,1,0,0,0,113,74,6.7
0,158,1,0,0,1,112,55,8.2
0,114,1,0,0,0,88,48,0
0,64,1,1,2.03,1,150,89.3,7.5
0,88,1,0,0,3,115,56,11.8
0,82,0,0,0,3,101,54,12.4
0,111,1,0,0,3,97,61,12.3
0,60,1,0,0,2,97,62,12.4
0,113,1,0,0,3,72,44,6.9
0,109,1,0,0,1,115,55,8.2
0,105,1,1,3.48,0,79,71.8,12.9
0,85,1,0,0,2,100,52,13.3
0,131,1,0,0.46,0,86,47.6,10.4
0,59,1,0,0.27,2,95,51.7,10
0,148,1,0,0.45,1,87,50.5,9.5
0,210,1,0,0.28,2,121,33.8,6.5
0,115,1,0,0,0,105,56,7.2
0,106,1,0,0,1,120,64,6
0,93,1,0,0,1,78,38,14.2
0,57,1,1,3.51,1,121,102.1,13
0,98,1,0,0.41,1,127,53.1,5.1
0,157,1,0,0,3,95,62,2.2
0,116,1,1,2.24,1,104,80.4,8.3
0,30,1,0,0,2,96,49,9.1
1,111,1,0,0,4,128,39,10.5
0,52,1,0,0,0,78,46,12.2
0,72,1,0,0,4,93,54,10.4
1,135,1,1,3.48,2,100,90.8,12.9
0,86,1,0,0.42,3,115,52.2,10.1
0,98,1,1,3.46,3,97,81.6,12.8
0,151,1,0,0,3,104,47,5.8
0,118,1,0,0,0,112,40,7.9
0,117,1,0,0.41,2,115,51.1,7.4
0,55,1,0,0.23,0,100,45.3,17.1
0,82,1,0,0,0,93,31,13.3
0,152,1,0,0,1,98,60,10.6
0,108,1,1,2.94,1,85,80.4,10.9
1,98,1,0,0,1,129,46,12.5
0,130,1,0,0,3,95,49,11.7
0,136,0,0,0,1,122,53,11.8
0,47,1,0,0,3,116,43,12.3
0,189,1,0,0,3,106,56,11.3
0,107,1,0,0,1,79,41,12.1
1,91,1,0,0,5,165,41,11.7
1,159,1,0,0,1,105,54,10.4
0,11,1,1,2.7,2,98,69,10
0,167,1,0,0,1,85,49,9.9
0,111,1,0,0.26,2,75,37.6,12.8
0,99,1,1,1.97,2,103,53.7,7.3
0,159,1,1,4.56,0,78,93.6,16.9
0,114,0,1,3.32,2,104,82.2,12.3
0,71,1,0,0,2,103,30,9
0,122,1,0,0,1,62,22,12.7
0,100,1,1,3.51,1,94,89.1,13
0,83,1,1,3.19,1,109,63.9,11.8
1,64,1,0,0,5,73,40,12.3
0,105,1,0,0,1,84,57,9
0,144,1,1,3.29,2,87,92.9,12.2
1,106,0,1,3.89,1,111,103.9,14.4
0,19,1,1,3.05,1,97,76.5,11.3
0,46,1,0,0.42,1,81,47.2,13.6
0,127,1,0,0,2,108,54,11.7
0,9,1,1,2.73,1,108,78.3,10.1
0,157,1,0,0,1,74,52,7.9
1,105,1,0,0,6,71,39,5.3
0,105,1,1,2.7,0,113,81,10
0,155,1,0,0.39,2,30,53.9,10.8
0,31,1,0,0,0,129,44,5.1
0,161,1,0,0,1,117,45,4
0,95,1,1,2.86,0,123,87.6,10.6
0,122,1,0,0,3,110,38,9.7
0,37,0,0,0,2,76,31,9.6
1,132,1,0,0,5,106,44,11.6
0,119,1,1,3.05,0,94,79.5,11.3
0,16,1,0,0,1,89,51,8.8
0,99,1,0,0,1,105,34,5.6
0,76,1,1,2.19,1,110,75.9,8.1
1,167,1,0,0,4,120,41,11.1
0,129,1,0,0,1,117,48,11.8
0,116,1,0,0.2,1,123,42,7.8
0,60,0,0,0,1,110,49,11.1
0,128,1,0,0,0,122,39,6.4
0,47,1,1,2.86,0,70,61.6,10.6
0,40,0,0,0,3,55,45,8.2
0,173,1,0,0,0,78,42,10.9
0,157,1,1,1.92,1,107,73.2,7.1
0,66,1,1,3.24,2,117,75.4,12
0,50,0,1,2.16,0,94,98.6,8
0,72,1,0,0.42,3,106,39.2,12.2
0,130,1,0,0,1,95,44,12.9
0,143,1,0,0.2,1,101,47,7.6
0,89,0,0,0,1,108,40,5.4
0,108,1,0,0,0,104,53,15.2
0,32,1,0,0,1,88,43,12.8
0,166,1,0,0,2,81,49,9.2
0,109,1,0,0,1,113,57,10.9
0,72,1,1,1.57,1,98,54.7,5.8
0,134,1,1,2.32,0,78,69.2,8.6
0,13,1,0,0,4,89,50,9.7
0,90,1,0,0,3,108,36,14.1
0,111,1,1,3.02,3,54,79.2,11.2
0,101,1,1,1.97,1,101,77.7,7.3
0,72,1,0,0,0,92,52,13.1
0,67,1,1,2.03,1,89,75.3,7.5
1,172,1,0,0,3,108,64,14.4
0,154,1,1,2.43,2,82,71.3,9
0,69,1,0,0.29,2,122,56.9,9.7
0,123,1,0,0.15,3,92,56.5,9.8
0,130,1,1,2.35,0,92,67.5,8.7
0,142,1,1,1.59,2,94,73.9,5.9
0,29,1,0,0,1,122,40,9.3
0,87,1,1,3.02,0,106,74.2,11.2
0,149,1,0,0,0,56,32,8.9
0,146,0,0,0,2,63,45,9.2
1,88,0,0,0,4,98,62,7.2
1,119,0,1,2.35,5,95,69.5,8.7
0,48,1,0,0,1,63,47,13.2
0,135,1,0,0,1,97,54,11
0,100,1,0,0,1,117,54,6.9
0,98,1,0,0,4,80,56,11.9
0,75,1,1,3.62,2,86,75.2,13.4
0,180,1,1,2.05,1,78,80.5,7.6
0,100,1,1,3.13,1,90,90.3,11.6
0,119,1,1,2.16,2,92,77.6,8
0,86,1,0,0,0,96,33,12.6
0,155,1,1,1.38,1,106,62.8,5.1
1,78,0,0,0,1,141,63,9.5
0,153,1,0,0,1,90,50,8.5
0,92,1,1,2.62,0,112,67.2,9.7
0,13,1,1,3.05,2,65,75.5,11.3
0,154,1,0,0,3,93,50,10.2
0,144,0,1,3.46,0,127,83.6,12.8
0,48,1,0,0.2,1,67,65,7.9
0,94,1,0,0,1,85,51,7.9
0,139,1,0,0,1,132,50,12.6
0,126,1,0,0,1,102,54,11.8
0,122,1,0,0.29,2,88,41.9,9.5
0,139,1,0,0,1,140,52,11.3
0,95,1,0,0,3,84,42,5.9
0,80,1,1,2.89,4,92,77.9,10.7
0,131,1,1,2.05,3,87,82.5,7.6
0,36,1,0,0,1,83,49,10.9
0,180,1,0,0,2,96,43,15.7
0,25,1,0,0,2,98,41,12.6
0,113,1,0,0,3,93,58,4.9
0,88,1,1,3.08,1,91,79.8,11.4
0,120,1,0,0,1,97,45,9.3
0,74,1,0,0,1,84,31,11.4
0,109,1,0,0,2,101,50,11.4
0,162,1,1,3.32,0,139,80.2,12.3
0,124,1,1,2.4,1,109,69,8.9
0,177,1,0,0.27,2,77,39.7,7.5
0,91,1,0,0,1,71,57,10.6
1,105,1,0,0,0,98,66,8.8
1,24,1,0,0.23,0,91,59.3,15.3
0,48,1,0,0,0,71,26,8.9
0,86,1,0,0,2,115,36,9.8
0,163,1,0,0.35,4,56,52.5,10.6
0,91,1,0,0.3,0,109,52,10.1
0,56,1,0,0,3,79,40,11.7
0,147,0,1,2.19,3,118,77.9,8.1
0,64,1,0,0.43,2,116,49.3,10.1
1,108,1,1,2.59,4,83,68.9,9.6
0,159,1,0,0.29,5,107,53.9,16.5
0,136,0,0,0,3,90,64,9.1
0,116,1,1,2.97,1,122,79.7,11
0,45,1,1,2.08,1,92,76.8,7.7
0,122,1,0,0.23,2,120,46.3,11.2
0,138,1,0,0,5,83,50,9
0,132,1,0,0,1,66,39,8.8
0,101,0,0,0.38,0,108,52.8,11.6
0,58,1,0,0.29,2,105,63.9,7.8
0,81,1,0,0,1,132,36,5.2
0,87,1,0,0,3,105,44,9.9
0,116,1,0,0,2,93,55,8.8
0,85,0,0,0.38,4,97,55.8,8.3
1,62,1,1,3,2,84,79,11.1
0,90,1,0,0,0,121,38,10.8
0,98,1,0,0,2,65,44,6
0,73,1,0,0,1,115,48,18
0,107,0,0,0,2,83,55,11.2
0,55,1,1,3.38,2,95,76.8,12.5
0,76,1,1,2.57,3,107,67.7,9.5
0,30,1,0,0,3,76,46,7.1
0,157,1,0,0,4,105,48,11.5
1,40,1,1,2.03,1,69,70.3,7.5
0,72,1,0,0.28,1,79,41.8,10.5
0,95,1,1,2.73,1,130,90.3,10.1
0,42,1,0,0,0,127,41,9
0,86,1,0,0.34,1,112,53.4,5.4
0,131,1,0,0.33,0,115,62.3,10.8
1,55,1,1,2.97,4,114,69.7,11
0,74,1,0,0,0,102,53,8.7
0,81,0,1,2.13,1,76,84.3,7.9
0,81,1,0,0,4,102,47,13.2
1,28,1,0,0,6,48,32,8.3
0,111,1,0,0,0,62,48,11.2
0,3,1,1,3.08,2,116,63.8,11.4
1,51,1,0,0,1,129,68,9.6
0,68,1,1,3.97,1,118,93.7,14.7
1,163,1,0,0.35,0,77,69.5,9.6
0,87,1,0,0.36,2,90,45.6,13.1
1,58,1,0,0,0,95,37,13.9
0,109,1,0,0.27,0,138,43.7,11.5
0,111,1,0,0,4,107,58,10.4
0,144,1,0,0,2,96,35,15
1,135,1,0,0,5,66,67,8.4
0,109,1,1,2.43,4,123,81.3,9
0,107,1,1,2.03,1,132,57.3,7.5
0,149,1,0,0,2,108,45,7.7
0,56,1,0,0.3,1,95,63,4.4
0,129,1,0,0.37,0,99,41.7,10.5
0,92,1,0,0,0,118,61,9.1
0,67,1,1,3.92,1,107,81.2,14.5
0,120,1,0,0,0,106,61,9.3
0,166,1,0,0.39,1,106,56.9,12.4
0,66,1,0,0.24,1,76,40.4,9.2
0,76,1,0,0,0,61,49,8.4
0,79,1,0,0,2,110,57,8.8
0,98,1,1,3.48,2,112,84.8,12.9
0,141,1,1,2.11,1,123,86.1,7.8
1,49,1,0,0,2,90,63,14
0,46,1,0,0.21,3,111,51.1,10.2
0,137,1,0,0.13,3,130,33.3,7.3
1,171,1,0,0,1,69,66,9.6
0,10,1,0,0.42,1,127,55.2,12.9
0,88,1,0,0,3,78,33,8.8
0,89,1,0,0,2,92,46,10.8
1,82,1,0,0,3,81,48,10.6
0,139,1,0,0,3,135,50,9.8
0,87,1,0,0,0,119,47,13.8
0,137,0,0,0.34,2,123,47.4,11.4
1,45,1,0,0,1,106,30,7.4
0,90,1,0,0,1,92,49,8.9
0,103,1,0,0,1,123,46,6.4
0,100,1,0,0.21,2,130,58.1,7.3
0,110,1,0,0,3,100,46,6.3
0,124,1,0,0,2,113,50,11.8
0,10,1,0,0,2,103,50,8.7
0,89,1,1,2.03,2,80,72.3,7.5
0,121,1,0,0.32,2,98,57.2,7.7
0,101,1,0,0,3,102,58,6.1
0,103,1,1,3.92,2,105,88.2,14.5
0,51,1,0,0,1,60,53,8.9
1,2,0,0,0.27,2,42,37.7,9.1
0,111,1,0,0,0,117,53,9.3
0,118,1,0,0,2,112,42,12.6
1,17,1,1,2.7,6,115,69,10
0,130,1,0,0,2,119,56,6.3
1,193,1,0,0.29,2,92,31.9,10.9
0,114,1,0,0.4,1,145,57,10.1
0,137,1,0,0.29,2,91,39.9,8
0,185,1,1,3.73,2,121,84.3,13.8
0,101,1,0,0,3,107,56,7.6
0,95,1,1,2.84,3,109,81.4,10.5
0,7,1,1,2.92,1,114,81.2,10.8
1,126,1,0,0,1,99,69,8
0,71,1,0,0,0,124,47,11.3
0,124,1,0,0,3,85,61,11.1
1,97,0,0,0.38,0,107,57.8,7.3
0,28,1,0,0,2,79,46,9.3
1,90,0,0,0,4,96,44,9.2
0,190,1,0,0,1,86,49,14.7
0,31,1,1,3.11,1,101,89.1,11.5
0,52,1,1,1.11,2,71,58.1,4.1
0,73,1,0,0,0,80,51,10.6
1,111,1,0,0,0,89,62,8.4
1,98,1,0,0,4,0,14,6.8
1,106,0,0,0,1,45,39,10.7
0,111,1,0,0,0,117,55,10.3
0,59,1,0,0.26,1,98,46.6,11.9
0,71,1,1,1.51,2,107,53.1,5.6
1,55,1,0,0.4,0,124,73,14.8
0,13,1,0,0,1,121,33,11.9
0,136,1,1,3.54,0,105,68.4,13.1
0,123,1,0,0.24,0,91,40.4,11
0,105,1,0,0.26,2,103,47.6,12.8
0,50,1,1,3.67,3,93,108.7,13.6
0,118,1,0,0,1,120,41,11.3
0,97,1,0,0,3,84,43,12.8
0,51,1,0,0,0,89,56,14.9
1,73,1,0,0,1,91,56,10.3
0,35,1,0,0.32,2,102,35.2,13.1
0,64,1,0,0,1,76,55,13.6
0,63,1,0,0,3,122,29,9.9
0,117,1,1,2.08,3,115,59.8,7.7
1,115,1,0,0,1,97,63,13.7
0,162,1,0,0,1,118,51,11.6
0,89,1,0,0,3,66,31,12.3
0,94,0,0,0.28,1,131,59.8,8.6
0,129,1,0,0,4,127,54,11.5
0,86,1,0,0,1,75,52,7.3
0,96,1,0,0,1,125,45,6.6
0,190,1,0,0,1,102,51,8.9
0,80,1,0,0,1,90,33,8.2
1,108,1,0,0,4,105,36,4.1
0,97,1,1,2.3,0,129,71,8.5
0,84,1,1,3.05,0,112,83.5,11.3
1,65,1,0,0,4,139,63,4.2
0,131,1,1,3.62,1,134,69.2,13.4
0,58,0,1,2.4,1,96,72,8.9
0,36,1,0,0.29,3,115,57.9,10.2
0,54,1,0,0,1,119,31,12
0,45,1,0,0.37,1,110,52.7,11
0,125,1,1,2.46,2,107,89.6,9.1
0,72,1,1,2.21,2,113,68.1,8.2
0,141,1,0,0.26,3,108,25.6,10.1
0,113,1,0,0,0,116,33,8.9
0,20,1,1,1.92,0,98,62.2,7.1
0,212,1,0,0,1,96,34,7.6
0,99,0,0,0,4,127,47,9.9
0,94,1,0,0,1,62,53,15.3
0,40,1,0,0,1,105,31,9.3
0,86,1,1,2.27,3,118,66.7,8.4
1,101,1,0,0,3,85,64,4.5
0,170,1,0,0.21,0,107,64.1,9.1
0,105,1,0,0,1,121,62,13
0,103,1,0,0.33,0,110,46.3,12.2
0,140,0,1,3.11,4,124,77.1,11.5
0,101,1,0,0.3,1,0,20,7.2
0,98,1,1,2.97,1,87,68.7,11
0,104,1,0,0.33,4,116,51.3,11.7
0,115,1,0,0,3,90,40,0
0,112,1,0,0,0,88,50,11.9
0,70,1,0,0,1,86,54,5.7
0,126,1,0,0,0,120,39,10.6
0,87,1,1,2.57,3,113,59.7,9.5
1,125,1,0,0,4,80,32,8.8
0,86,1,0,0,1,139,45,8.9
1,73,1,1,3.19,6,105,67.9,11.8
0,232,1,0,0.14,1,104,46.4,11.8
0,1,1,1,2.27,0,95,73.7,8.4
0,133,1,0,0,1,91,46,12.2
0,103,1,0,0,1,84,45,7.7
0,131,1,1,2.54,1,60,68.4,9.4
0,95,1,1,2.65,0,78,73.5,9.8
0,182,1,0,0.35,1,90,48.5,9.7
0,99,1,0,0,0,89,42,9.1
0,27,1,0,0,3,121,56,7.6
0,141,1,0,0.32,1,74,34.2,10.7
0,29,0,1,1.54,2,101,71.4,5.7
0,65,1,0,0,2,95,31,6.6
1,81,0,0,0,3,68,41,17.9
0,37,1,1,2.81,0,81,92.1,10.4
0,107,1,1,1.51,1,45,62.1,5.6
0,127,0,1,2.81,1,117,58.1,10.4
0,78,1,0,0.34,0,77,44.4,11.7
0,55,1,0,0,2,148,41,4.6
0,86,1,1,2.65,2,84,66.5,9.8
0,176,1,0,0,2,108,58,9.6
0,96,0,0,0,2,117,59,11.2
0,11,1,1,1.89,1,130,71.9,7
0,48,1,1,2.05,1,70,77.5,7.6
0,127,1,0,0,1,107,52,11.3
0,63,1,0,0.27,0,75,43.7,11.2
0,79,1,0,0,1,107,54,12.2
0,47,1,1,3.56,2,150,75.6,13.2
1,89,0,1,3,0,114,72,11.1
0,83,1,1,2.92,1,117,88.2,10.8
0,126,0,1,2.62,4,118,87.2,9.7
0,60,1,0,0.27,2,99,57.7,15.1
0,122,1,0,0,0,115,44,8.6
0,136,1,0,0,1,97,44,5
0,172,1,1,2.38,1,102,86.8,8.8
1,102,1,0,0,1,116,52,8.3
0,113,0,0,0.31,1,82,54.1,9.2
0,79,1,0,0,3,99,51,8.9
0,55,1,1,2.62,1,104,79.2,9.7
0,111,1,1,2.78,2,104,63.8,10.3
0,160,1,0,0.31,0,105,48.1,8.3
0,110,1,0,0,4,110,56,7.8
0,192,1,0,0,4,101,62,12.7
0,93,1,0,0,0,100,39,10.9
0,101,1,1,2.57,2,137,79.7,9.5
0,77,1,0,0,2,136,38,12.3
0,105,1,1,2.19,2,111,72.9,8.1
1,133,1,1,3.81,2,80,86.1,14.1
0,131,1,0,0,1,95,47,6.6
0,106,1,1,2.67,1,120,60.7,9.9
0,118,1,0,0,1,113,33,5.9
0,125,1,0,0,1,94,42,8.6
0,95,1,0,0,0,88,50,16.1
0,80,1,0,0,3,160,47,9.3
0,145,1,0,0.32,0,78,33.2,10
0,37,1,0,0,2,107,52,8.1
0,87,1,0,0,1,93,45,7.6
0,69,1,0,0,3,85,52,9
0,83,1,0,0,1,120,33,8.6
0,195,1,0,0,0,108,30,5.1
1,67,0,1,4.56,0,59,95.6,16.9
0,75,1,1,1.13,3,102,49.3,4.2
0,123,1,1,4.05,0,79,92.5,15
0,41,1,1,1.59,1,95,62.9,5.9
0,75,1,0,0,0,99,52,8.1
1,76,0,0,0.3,1,66,72,12
0,86,0,0,0,1,120,61,10.3
0,140,1,0,0.38,0,89,36.8,16.3
0,70,1,0,0,3,112,25,15.8
0,121,1,1,1.59,0,62,65.9,5.9
0,112,1,0,0,1,102,54,9.8
0,118,1,0,0,2,122,61,9.7
0,66,1,1,2.4,1,92,74,8.9
0,78,1,0,0.35,0,102,35.5,11
0,129,1,1,4,2,79,87,14.8
0,6,1,0,0,3,93,52,9.4
0,107,0,0,0.29,1,91,56.9,10
1,107,0,0,0,3,106,39,12.9
0,138,1,0,0.27,1,87,39.7,15.4
0,103,1,0,0,0,104,40,9.7
0,116,1,1,3,0,94,89,11.1
0,189,1,0,0,2,84,54,6.3
0,161,1,0,0,2,120,36,11.8
0,1,1,0,0.25,1,107,61.5,7
0,89,1,0,0,1,110,48,12.8
0,64,1,0,0,1,126,64,9.7
1,126,1,1,3.46,4,90,73.6,12.8
0,129,1,0,0,2,85,53,4.9
0,128,1,1,2.92,0,136,90.2,10.8
0,81,1,1,3.16,3,120,71.6,11.7
0,114,1,0,0,1,101,45,10.6
0,50,1,0,0,0,102,52,11.1
0,86,1,0,0,3,104,41,11.5
0,96,1,0,0,1,86,53,12.2
0,72,1,0,0.27,0,88,58.7,12.7
0,64,1,1,1.59,8,116,71.9,5.9
0,57,0,1,3.29,2,94,87.9,12.2
0,65,1,0,0,2,117,45,8.5
0,163,1,0,0,1,120,58,8.8
0,136,1,0,0.36,2,74,61.6,10.7
0,116,1,0,0,1,84,48,12
0,93,1,0,0.17,3,74,51.7,6.6
0,142,1,1,2.48,3,105,80.8,9.2
0,92,1,0,0,1,82,61,8.6
0,70,1,0,0,1,91,60,6.7
0,22,1,1,1.13,1,100,64.3,4.2
0,37,1,0,0,2,114,58,12
0,51,1,0,0,1,99,45,7
0,174,1,0,0.22,2,96,38.2,10
1,68,1,0,0.21,1,112,61.1,8.4
0,130,1,0,0,1,70,53,12.4
0,104,1,0,0,2,78,41,11.3
0,134,1,0,0.35,2,91,53.5,8.9
0,108,1,1,2.57,2,136,69.7,9.5
0,103,1,0,0,3,83,51,9.7
0,62,1,0,0.29,1,100,44.9,5.6
0,162,1,0,0.28,2,89,39.8,11.4
0,93,1,1,3.38,2,113,72.8,12.5
0,42,1,0,0,1,108,34,13.1
0,155,1,1,3.62,2,112,89.2,13.4
0,36,1,0,0,0,94,40,9
1,143,1,0,0,0,99,53,4.5
0,197,1,0,0.24,3,111,43.4,10.6
1,81,1,0,0,1,141,63,8
1,138,0,0,0,4,104,24,9.6
1,103,1,1,3.11,0,84,72.1,11.5
1,127,0,0,0,2,102,61,13.9
1,136,1,0,0.31,1,99,62.1,10.7
0,99,1,0,0.33,2,102,57.3,12
0,95,1,0,0,0,79,29,8.9
1,118,0,1,3,4,122,75,11.1
1,113,1,0,0,5,111,19,13.7
0,128,0,0,0,0,112,51,10.7
0,117,1,0,0,3,100,29,15.7
0,48,1,1,2.05,3,92,74.5,7.6
0,81,0,0,0.25,0,105,59.5,11.9
0,57,1,0,0.19,1,68,48.9,12.7
0,140,1,0,0.26,1,98,48.6,8.2
0,107,1,1,2.97,2,92,82.7,11
0,56,1,0,0,1,111,38,14.3
0,159,1,0,0,1,103,39,10.5
0,102,1,0,0.33,1,80,64.3,10.3
0,107,1,0,0,1,94,34,14.4
0,106,1,0,0.24,2,106,30.4,11.4
1,225,1,0,0.3,0,106,55,8.7
0,75,1,0,0,2,110,42,16.4
0,86,1,0,0,0,93,56,11.3
0,169,1,0,0,1,79,52,13.3
0,122,1,1,2.32,2,92,70.2,8.6
0,106,1,0,0,0,143,52,9.6
0,52,1,1,3.65,2,68,80.5,13.5
0,79,1,1,4,2,100,78,14.8
0,135,1,0,0.17,2,91,57.7,5.9
0,70,1,0,0,0,110,48,8.9
0,80,1,0,0,2,106,44,10
0,37,1,0,0,0,69,44,12.9
0,161,1,1,1.97,1,76,66.7,7.3
0,137,1,0,0.36,1,95,37.6,0
0,123,1,0,0,0,126,32,10.8
0,80,1,1,2.57,2,69,83.7,9.5
0,94,1,0,0,0,113,34,15.6
0,105,1,1,3.08,1,96,69.8,11.4
0,73,1,1,3.11,0,104,80.1,11.5
0,112,1,0,0,2,100,42,17.3
0,179,1,0,0.32,1,134,57.2,6.1
0,57,1,0,0.31,1,78,46.1,10.1
0,127,1,1,3.13,1,99,70.3,11.6
0,122,0,1,3.43,1,80,93.3,12.7
0,33,1,1,2.3,1,85,64,8.5
0,94,1,0,0,3,90,38,10.4
0,100,1,0,0,1,123,48,10.2
0,106,1,0,0,2,97,43,8.8
0,148,1,1,4.46,2,110,90.6,16.5
0,120,1,1,2.86,0,140,97.6,10.6
0,91,1,1,1.51,1,96,68.1,5.6
0,86,1,0,0,1,92,36,9
0,78,1,1,3.56,0,73,94.6,13.2
0,94,1,0,0,1,136,41,12.6
1,85,1,0,0,2,93,58,11.4
0,89,1,0,0,1,77,29,7.2
0,128,1,0,0,1,111,50,12.7
0,115,0,0,0,1,119,48,12.4
0,76,1,0,0,1,55,40,5.8
0,75,1,1,3.05,1,107,88.5,11.3
0,90,1,1,3,2,106,81,11.1
0,30,1,0,0,3,108,38,5.8
1,105,0,0,0,1,119,71,10.9
0,102,1,1,1.7,3,92,51,6.3
0,83,1,0,0,3,102,45,8.6
0,63,1,1,2.21,0,86,76.1,8.2
0,155,1,0,0,2,93,46,15.1
0,82,1,1,2.38,2,77,63.8,8.8
0,87,1,0,0,1,113,50,13.4
0,115,1,1,1.22,0,110,59.2,4.5
1,99,0,0,0,0,102,72,11.3
0,121,0,1,2.35,3,127,82.5,8.7
0,54,1,1,3.05,2,90,67.5,11.3
0,105,1,0,0.24,3,73,45.4,13.3
0,73,1,0,0.34,1,102,45.4,11.1
0,95,1,0,0,0,113,54,10.1
0,21,1,1,3.48,3,94,74.8,12.9
0,163,1,1,3.73,2,99,93.3,13.8
0,57,1,0,0,0,96,49,11.2
0,104,0,0,0,4,73,53,12.6
0,83,1,1,3.02,0,89,61.2,11.2
0,141,1,0,0.24,2,87,52.4,7
0,95,1,0,0,3,114,53,3.8
1,184,1,0,0,1,73,65,13.8
0,74,1,0,0,2,95,45,7.6
0,67,1,0,0,0,125,46,10.9
0,104,0,0,0,0,108,39,11
0,71,1,1,3.21,1,103,81.1,11.9
1,149,1,0,0,4,88,35,12.2
0,154,1,1,2.59,0,102,80.9,9.6
0,138,1,1,2.13,0,149,37.3,7.9
0,117,1,0,0,1,83,53,9.6
0,130,1,0,0,1,140,48,11.3
0,73,1,0,0,2,115,56,11.1
0,100,1,1,2.65,0,121,90.5,9.8
0,149,1,0,0.37,1,115,56.7,8.6
0,29,1,0,0,2,81,48,12.7
0,131,1,0,0,1,74,29,15.8
0,153,1,0,0,2,145,45,8
0,84,1,0,0.14,2,144,57.4,13.2
0,133,1,0,0,2,65,44,10
0,112,1,0,0,0,113,46,11.2
0,87,1,0,0,0,101,49,9.5
0,72,1,0,0,2,114,49,12
1,66,1,0,0,4,133,44,9.5
0,65,1,1,2.4,1,104,79,8.9
0,74,1,0,0.45,2,93,61.5,9.1
1,116,1,0,0,6,79,43,9.7
0,68,1,0,0.2,2,95,44,11.7
0,68,1,0,0.11,3,99,54.1,11
0,54,0,0,0,1,77,57,10.1
0,99,1,0,0,1,92,25,7.5
0,107,1,0,0,3,104,38,7.3
0,124,1,0,0,1,74,47,10.5
0,95,1,1,3.05,3,112,103.5,11.3
1,173,1,0,0,0,143,68,9.9
0,110,1,0,0.3,1,94,50,13.5
0,102,1,0,0,0,79,50,8.5
0,130,1,0,0,0,86,29,10.4
0,91,1,1,2.59,1,78,90.9,9.6
1,64,0,0,0,1,134,48,17.3
0,176,1,1,1.94,1,130,81.4,7.2
1,93,0,0,0,1,78,42,11.1
0,84,1,1,2.89,1,87,56.9,10.7
0,138,1,0,0,3,102,43,5
0,101,1,1,2.89,1,132,66.9,10.7
0,136,1,0,0.3,2,79,41,6
0,111,1,0,0.25,2,80,47.5,6.4
0,132,1,1,3.7,0,93,85,13.7
0,128,1,0,0.36,3,91,61.6,14.7
0,92,1,1,2.4,1,96,79,8.9
1,197,0,0,0.12,5,80,42.2,13.7
0,191,1,0,0,1,104,49,10.9
0,99,1,1,2.86,2,93,79.6,10.6
0,106,1,1,3.32,3,125,78.2,12.3
0,88,1,0,0.29,2,82,54.9,6.4
0,78,1,0,0,0,85,48,10.2
0,98,1,0,0.16,1,99,46.6,7.8
0,17,1,1,2.19,1,123,78.9,8.1
0,56,1,1,3.43,1,87,71.3,12.7
0,84,1,0,0.16,2,105,47.6,14
0,95,1,0,0,2,96,49,13.7
0,16,1,0,0,5,83,54,10.5
1,76,0,0,0.34,1,120,64.4,9.9
0,93,1,0,0.21,0,95,45.1,10.2
0,83,1,0,0,2,96,38,7.7
0,123,1,0,0,1,119,49,9
0,64,1,0,0.31,1,116,48.1,8.9
1,82,1,0,0,0,73,74,10.6
0,107,1,0,0,2,97,49,12.7
0,110,1,0,0,1,93,46,7.1
0,96,1,1,2.3,1,91,63,8.5
0,47,1,1,3.48,2,93,88.8,12.9
0,115,1,0,0,2,107,30,14.1
0,69,1,0,0.27,3,88,39.7,10.8
0,163,1,1,3.32,2,56,91.2,12.3
0,90,1,0,0,3,80,20,14.2
0,98,1,0,0,3,107,29,10.5
0,90,1,1,3.08,1,89,65.8,11.4
0,174,1,1,3.35,1,143,89.5,12.4
1,95,1,0,0,2,120,66,7.3
1,79,1,0,0.31,1,114,65.1,6.3
0,123,1,1,3.38,1,127,88.8,12.5
1,99,1,0,0,7,75,39,11.5
0,114,1,0,0,2,100,51,13.3
0,141,1,0,0,1,113,54,12.4
0,132,1,0,0,1,107,47,11.5
0,133,1,0,0,0,85,49,6
0,133,1,0,0,4,133,52,8.4
0,93,1,1,2.54,2,117,72.4,9.4
1,34,1,0,0.29,2,89,76.9,11
1,140,1,0,0,4,108,41,7.7
0,96,1,1,3,2,96,78,11.1
1,144,1,0,0,1,95,68,11.6
0,24,1,1,1.94,3,105,76.4,7.2
0,54,1,0,0,1,113,57,11.7
1,50,1,0,0,5,129,36,5.6
0,92,1,1,3.02,4,83,81.2,11.2
0,96,1,0,0,3,68,55,10.5
0,146,1,0,0,2,93,49,9
0,138,0,1,3.16,0,116,85.6,11.7
0,102,1,0,0,4,73,48,10.3
1,76,1,0,0.36,5,84,41.6,7.5
0,99,1,0,0,3,66,44,11.4
0,83,1,1,3.59,0,87,74.9,13.3
0,36,1,1,2.46,1,110,71.6,9.1
0,70,1,0,0,1,102,40,14.3
1,109,0,0,0,2,85,59,9.7
0,100,1,0,0,2,152,45,15.2
0,104,1,0,0.24,1,97,45.4,6.1
0,106,1,0,0,1,124,50,8.2
0,84,1,0,0,1,96,29,12.3
0,80,1,0,0.4,2,123,53,10.9
0,100,1,0,0,1,87,30,7.1
0,99,1,0,0,2,86,40,14.1
0,50,1,0,0,1,108,41,11
0,105,1,0,0,1,48,31,12.2
0,113,1,1,2.57,4,104,71.7,9.5
0,111,1,1,3.62,2,123,67.2,13.4
0,161,1,0,0,2,121,41,12.6
1,70,1,0,0,0,95,66,12.9
0,97,1,1,2.24,3,105,65.4,8.3
0,130,1,0,0,0,70,45,3.5
0,92,1,0,0,1,101,53,13.8
0,119,1,0,0,0,68,39,14.8
1,115,1,0,0,1,125,67,6.9
0,134,1,0,0,0,95,42,8.8
0,127,1,1,1.3,0,91,64,4.8
1,80,1,0,0,2,120,72,5.8
0,153,1,1,2.54,0,130,74.4,9.4
0,85,1,0,0,3,114,60,3.7
0,79,1,0,0,1,124,26,11.4
0,35,1,0,0,1,87,67,5.8
0,120,1,1,2.08,0,94,83.8,7.7
0,68,1,0,0.33,0,94,56.3,10.2
1,60,1,0,0,1,147,49,13.5
0,120,1,0,0,1,110,44,10
0,71,1,1,3.81,1,82,90.1,14.1
0,124,1,0,0,3,107,42,8.8
1,23,1,0,0,1,74,34,6.9
0,225,1,0,0,1,142,53,8.8
1,181,0,0,0.21,0,83,40.1,14.1
0,63,1,0,0,2,92,42,7.5
1,54,0,0,0.38,2,108,58.8,9.7
0,80,0,1,3.21,1,110,74.1,11.9
0,118,0,1,2.48,1,106,61.8,9.2
0,42,0,0,0,2,127,46,12
0,134,1,0,0,0,105,54,12.1
0,66,1,1,2.4,0,100,79,8.9
0,66,1,0,0.31,2,102,58.1,9.2
0,127,1,1,2.08,1,124,81.8,7.7
0,146,1,0,0,0,77,46,7.4
0,93,1,1,3.11,1,101,83.1,11.5
1,77,1,0,0,0,87,64,7.5
1,111,1,0,0,4,125,42,12.7
0,125,1,0,0,2,64,43,11.6
0,115,1,1,2.84,2,86,69.4,10.5
1,115,0,0,0,2,110,40,10.8
0,114,1,0,0,2,101,55,9.6
0,106,1,0,0,0,112,46,9.1
0,118,1,1,3.43,2,125,69.3,12.7
0,59,1,0,0.19,1,92,45.9,12.5
0,87,0,1,3.11,1,79,83.1,11.5
0,21,1,0,0.3,1,81,59,6.6
0,142,1,1,2.57,0,103,91.7,9.5
0,62,1,0,0,0,132,49,11
1,149,1,0,0,3,83,63,10
0,54,1,1,3.05,2,82,64.5,11.3
0,112,1,0,0,1,127,52,11.3
0,68,1,0,0,1,83,46,12
0,201,1,1,4.08,1,97,93.8,15.1
0,88,1,0,0,1,76,52,8
0,85,1,1,2.94,1,97,66.4,10.9
1,51,0,0,0,0,108,46,14.1
0,45,1,1,2.13,2,104,63.3,7.9
0,116,1,0,0,0,69,40,8.2
0,146,1,1,2.11,1,91,76.1,7.8
0,63,1,1,3.32,1,119,79.2,12.3
0,133,1,0,0,0,90,45,4.7
0,125,1,0,0,2,115,51,9.2
0,72,1,0,0,1,111,42,10.8
0,130,1,0,0.18,0,102,41.8,6.1
0,97,1,0,0,1,87,51,7.3
1,54,1,0,0,1,73,68,11.5
0,160,1,1,4.1,1,121,92,15.2
0,79,1,0,0.24,1,90,39.4,13
0,92,1,1,2.75,0,95,69.5,10.2
0,59,1,0,0,1,65,56,12
0,132,1,0,0.32,1,80,45.2,6.2
0,21,1,0,0,0,110,60,10.7
0,93,1,0,0.23,2,103,49.3,8.5
0,147,1,1,3.73,5,78,100.3,13.8
0,101,1,0,0,1,105,52,8.5
1,125,0,0,0,0,118,46,9.6
0,63,1,0,0.27,3,84,58.7,10.7
0,107,1,0,0,0,102,52,11.7
0,110,1,0,0,3,103,51,12.9
0,83,1,0,0,3,100,58,12.4
0,117,1,0,0.42,1,104,49.2,13.8
0,124,1,0,0,0,103,54,11.9
0,115,1,0,0,3,148,38,15.4
0,156,0,0,0.2,1,119,70,8.3
0,89,1,0,0.15,0,83,48.5,6.1
0,72,1,0,0,0,147,53,13.1
0,101,1,1,2.57,0,82,75.7,9.5
0,53,1,0,0,2,98,50,18.4
0,116,1,0,0,2,119,41,7.3
0,78,1,0,0,3,140,40,11.8
0,117,1,1,1.19,0,82,63.9,4.4
0,56,1,0,0,1,84,35,8.9
0,123,1,1,4.16,1,99,108.6,15.4
0,127,1,0,0,2,94,45,8.8
0,116,1,1,3.19,2,78,86.9,11.8
0,138,1,1,4.05,1,83,92.5,15
0,120,1,0,0,3,108,57,7.8
0,102,1,0,0,3,106,48,7.7
0,95,1,0,0,2,96,44,13.4
0,102,1,0,0,2,67,44,9.9
0,89,1,1,2.86,1,140,82.6,10.6
0,50,1,0,0.21,1,82,68.1,10.5
0,93,1,1,3.05,7,90,79.5,11.3
0,68,1,0,0,1,116,52,15.1
0,70,1,0,0,2,97,59,8
0,138,1,1,3.83,0,87,90.3,14.2
0,141,1,1,2.16,4,87,68.6,8
0,112,1,1,2.62,0,95,79.2,9.7
1,117,0,0,0,1,100,35,8.6
0,1,1,1,2.19,1,115,73.9,8.1
0,70,1,0,0,1,110,46,13.2
0,87,1,1,1.92,2,102,67.2,7.1
0,52,1,1,1.43,2,119,57.3,5.3
1,97,1,0,0.4,0,82,69,8.9
0,105,1,0,0,2,93,44,16.2
1,77,1,1,3.11,4,117,75.1,11.5
1,80,0,0,0,2,122,52,13.9
0,120,1,1,3.11,1,117,77.1,11.5
0,54,1,1,3.38,2,73,76.8,12.5
0,148,0,0,0,2,138,39,8.6
1,119,1,0,0,2,115,63,13.9
1,162,1,1,2.51,1,144,75.1,9.3
1,85,1,0,0,5,96,45,10.9
0,101,1,1,3.92,1,144,78.2,14.5
0,172,1,0,0,0,85,51,5.9
0,80,1,0,0,1,138,49,5.5
0,67,1,0,0,2,134,31,10.9
0,86,1,0,0,1,106,55,9.7
1,107,1,0,0,1,101,63,12.1
0,133,1,0,0,0,102,65,11.2
0,116,1,0,0,0,110,51,8
0,63,1,0,0.36,0,107,63.6,7.4
1,119,0,1,2.08,0,103,59.8,7.7
1,133,0,0,0,0,103,65,8
0,94,0,0,0,1,113,53,8.7
0,69,1,0,0.41,0,91,60.1,11.4
1,146,1,0,0,7,83,42,7.9
1,119,1,0,0,2,75,36,8.9
0,142,0,1,2.65,0,109,72.5,9.8
0,123,1,0,0,3,115,55,8.3
1,101,1,0,0,1,156,64,13.5
0,43,1,0,0.35,0,97,55.5,8
0,69,1,0,0,0,91,51,5.5
0,15,0,0,0,2,80,35,8.1
0,107,1,1,3.24,1,91,85.4,12
0,67,1,0,0,2,131,48,4.9
0,99,1,0,0.28,1,102,47.8,11.4
0,46,1,0,0,1,116,45,8.1
0,55,0,0,0,1,115,52,9.7
1,39,1,0,0,1,126,70,11.5
0,92,1,0,0,2,98,39,9.4
1,56,1,0,0.16,4,99,42.6,14.8
1,76,1,0,0,0,97,67,7.7
0,132,0,1,3.48,2,75,88.8,12.9
0,140,1,1,3,1,77,72,11.1
0,51,0,1,3.32,2,60,74.2,12.3
0,27,1,0,0.16,1,110,61.6,12.7
0,224,1,0,0.21,3,133,36.1,5.5
1,105,0,1,3.97,0,89,75.7,14.7
0,117,1,0,0,2,93,57,12
1,91,1,0,0,1,123,38,10.3
0,135,1,0,0,4,123,58,10.3
0,146,1,0,0,3,101,47,10.3
1,147,0,0,0,0,111,54,9.9
1,68,1,0,0,2,127,65,8.9
0,68,1,0,0.41,3,89,39.1,10.2
0,86,1,1,2.73,0,99,75.3,10.1
0,131,1,0,0,1,129,47,9.9
0,86,1,1,3.48,1,79,89.8,12.9
1,159,1,0,0,2,103,63,7.4
0,134,1,1,2.92,1,105,61.2,10.8
0,113,1,0,0,1,113,57,9.9
0,132,1,0,0,1,100,53,10.2
0,85,1,0,0,1,66,53,11.2
1,93,0,1,3.78,1,117,86.8,14
1,174,1,1,3.92,4,91,85.2,14.5
0,61,1,0,0,2,118,47,7
0,91,1,1,2.94,1,105,64.4,10.9
0,88,1,1,2.65,2,104,79.5,9.8
0,88,1,1,3.46,2,140,61.6,12.8
0,195,1,1,3.27,0,110,91.7,12.1
0,182,1,0,0,0,114,32,6.5
0,118,1,0,0,4,60,51,8.2
1,103,1,0,0,8,125,40,10.4
0,65,1,0,0.28,2,89,47.8,5.5
0,61,1,1,2.67,3,78,64.7,9.9
0,172,1,0,0,1,100,53,6.5
0,72,1,0,0,1,103,42,11.8
0,113,1,0,0,2,120,43,11
0,177,1,0,0,1,99,48,14.2
1,100,1,0,0,6,94,31,9.5
0,67,1,0,0.35,1,102,56.5,8.6
0,136,1,0,0,3,105,35,9.4
0,71,1,0,0.23,4,132,57.3,9.7
0,134,1,0,0,1,126,55,11.8
0,124,1,0,0,1,82,47,11.3
0,84,1,0,0.26,2,102,52.6,9.8
0,39,1,0,0,2,104,44,9.8
0,110,1,0,0,3,127,40,15.3
0,102,1,0,0,1,70,41,11.2
0,70,1,0,0,0,130,44,11.6
0,142,1,0,0,1,93,43,10.9
0,81,0,0,0,1,85,59,7.8
0,17,1,0,0,1,123,46,8.6
1,119,1,0,0,1,101,67,10
1,105,1,0,0,0,124,74,8.7
1,108,0,1,3.67,3,90,73.7,13.6
0,90,1,0,0,2,118,27,11.4
0,100,1,1,3.27,1,104,83.7,12.1
0,155,1,1,1.84,1,86,56.4,6.8
1,113,1,0,0,2,100,42,9.2
0,123,1,0,0.36,1,92,47.6,8.7
0,145,1,0,0,1,124,45,7.6
0,42,1,0,0,2,98,49,8.8
0,125,1,0,0,0,99,44,10.9
0,131,1,1,1.81,1,118,66.1,6.7
0,107,1,0,0,1,65,62,8.5
0,48,1,0,0,1,73,51,5.1
0,76,1,0,0,0,96,50,8
0,128,1,0,0,1,105,46,6.8
0,73,1,0,0,0,109,50,10
1,52,1,0,0,4,110,38,7
0,126,0,1,2.59,1,123,62.9,9.6
0,124,1,0,0,1,77,48,6.1
0,137,1,0,0,0,120,55,11.1
1,71,1,0,0,0,82,65,11.8
0,139,1,0,0,0,103,54,5.6
0,107,1,1,3.4,3,87,86,12.6
0,147,1,0,0.33,1,79,57.3,10.2
0,116,1,0,0,3,126,34,12.4
0,60,1,1,3.46,2,75,90.6,12.8
0,38,1,0,0,0,92,30,13.9
0,63,1,0,0,3,118,42,11.1
0,94,1,0,0,3,79,39,10.4
0,131,1,0,0,0,133,37,10.1
0,158,1,0,0.33,1,105,49.3,11
1,139,1,0,0,1,109,55,11.1
0,77,1,0,0,1,102,45,2
0,140,1,0,0.28,3,79,45.8,9.4
0,72,1,0,0,1,97,46,8
0,52,1,1,3.65,1,63,75.5,13.5
0,103,1,0,0.24,5,121,49.4,13
0,74,1,1,2.43,1,107,81.3,9
0,124,1,0,0,2,101,48,12.5
0,85,1,1,1.7,5,110,86,6.3
1,113,1,1,2.35,5,83,64.5,8.7
0,71,1,0,0,2,132,37,7
0,177,1,1,2.81,1,106,84.1,10.4
1,49,0,0,0.26,2,92,61.6,15.6
1,106,0,0,0,3,84,49,13.3
0,60,1,0,0,1,106,53,7.4
0,43,1,0,0,4,93,43,12.7
0,66,1,0,0,1,133,42,5.3
0,125,1,0,0,0,73,50,15.7
0,114,1,1,2.54,3,96,69.4,9.4
1,112,1,0,0,3,119,66,16.4
0,101,1,1,2.21,2,112,62.1,8.2
0,70,1,0,0.27,0,100,15.7,12.1
0,59,1,0,0.19,0,96,43.9,10.2
0,59,1,0,0.42,1,70,46.2,12.1
0,124,1,1,3.24,2,35,79.4,12
0,99,1,0,0,2,88,42,12.4
0,150,1,0,0,1,123,48,12.6
0,81,1,0,0.28,2,77,53.8,7.6
0,86,1,0,0.35,0,96,63.5,4.5
0,84,1,0,0,0,96,43,10.6
0,118,1,1,3.16,1,119,97.6,11.7
0,89,1,0,0,1,128,57,7.6
0,93,1,0,0,3,120,57,13.1
0,85,1,0,0,2,97,33,9.7
0,160,1,0,0,0,116,31,10.9
0,28,1,0,0,3,87,43,10.1
1,73,1,0,0,1,109,64,10.7
0,156,1,0,0,3,95,46,12.9
0,33,0,0,0,1,100,47,13
0,77,1,0,0.21,4,86,50.1,17.8
0,119,1,0,0,1,102,41,11.1
0,91,1,1,1.78,3,96,64.8,6.6
0,102,1,0,0,3,88,61,6.2
0,86,1,1,3.21,3,112,93.1,11.9
0,82,1,0,0,0,110,38,8.3
0,89,1,0,0,0,151,35,12.7
0,86,1,0,0,3,98,50,9.3
0,134,1,0,0,1,111,42,6.1
0,92,1,0,0.25,2,82,52.5,10.8
0,87,1,0,0,3,81,46,13.7
0,64,1,0,0,0,113,58,13.8
0,80,1,0,0.23,3,118,59.3,9.2
0,165,1,1,2.57,3,113,69.7,9.5
0,153,1,1,2.03,1,104,70.3,7.5
0,41,1,1,3,1,109,79,11.1
0,108,1,0,0,2,78,61,5.2
0,104,1,1,3,1,112,78,11.1
0,115,1,0,0,1,67,38,10.6
0,87,1,0,0,1,106,44,13.4
0,159,1,1,3.4,2,93,79,12.6
0,119,1,0,0.23,2,129,45.3,13.4
0,69,1,0,0,1,109,43,14.1
0,87,0,1,2.92,1,138,74.2,10.8
1,93,1,0,0.29,1,106,71.9,8.7
1,154,0,0,0.36,0,69,46.6,14.4
0,57,1,1,3.19,1,76,90.9,11.8
0,130,1,0,0,5,72,45,11.4
0,151,1,0,0,2,128,44,13.2
1,162,1,0,0.33,2,87,64.3,10.4
0,60,1,0,0,1,133,43,14.6
0,81,1,0,0,3,89,60,8.7
0,132,1,0,0,3,115,57,8
0,86,1,0,0,1,121,35,6.7
1,136,1,0,0.45,1,106,70.5,10.1
0,121,1,1,2.86,1,84,68.6,10.6
0,105,1,1,2.62,2,125,56.2,9.7
0,105,1,1,2.67,2,61,80.7,9.9
0,51,1,1,3.02,1,61,93.2,11.2
0,64,1,0,0.26,3,117,40.6,6.4
0,80,0,1,2.7,0,132,73,10
0,56,1,0,0,4,133,62,13.6
0,120,1,0,0,1,98,42,11.1
0,103,1,0,0,3,125,51,12.2
0,164,1,1,2.59,3,102,67.9,9.6
0,116,1,1,1.89,2,118,71.9,7
0,121,1,0,0.32,1,79,50.2,7.5
0,55,0,0,0,1,121,61,8.2
0,183,1,0,0,2,92,39,9.7
0,104,1,0,0,0,101,65,13
0,90,1,0,0,1,97,43,7.1
0,82,1,0,0,1,101,45,13.5
0,101,1,0,0.31,3,92,45.1,13.3
0,9,1,1,3.11,2,87,62.1,11.5
0,97,1,0,0,0,58,58,12.1
1,94,1,0,0.28,3,104,65.8,8.9
0,127,1,1,1.97,0,118,77.7,7.3
0,125,1,1,2.78,0,112,92.8,10.3
0,140,1,0,0,1,104,50,10.3
0,90,1,0,0.28,2,122,33.8,10.1
0,67,1,0,0,2,65,42,9.2
0,113,1,0,0,1,55,52,12.2
0,121,1,1,4.08,0,91,91.8,15.1
0,93,1,0,0,4,95,48,9.9
0,121,1,0,0,1,121,43,12.3
1,53,1,0,0.31,0,119,69.1,9.8
0,75,1,0,0,1,91,48,13.1
0,132,1,0,0,2,121,58,4.2
0,162,1,0,0,3,131,40,6.5
0,140,1,0,0,1,114,48,11.3
0,91,1,0,0,2,116,48,6.6
0,73,1,1,2.38,2,107,69.8,8.8
1,95,0,0,0,4,134,61,10.1
0,145,1,0,0,0,137,53,13.1
0,100,1,0,0,1,108,38,4.3
0,122,1,0,0,2,101,57,13.1
0,109,1,0,0,0,72,60,11.9
0,82,1,0,0,1,107,35,10.1
0,65,1,1,2.65,0,106,81.5,9.8
0,52,1,0,0,3,83,41,8.3
0,136,1,1,2.38,2,76,68.8,8.8
0,75,1,0,0,1,110,37,11.1
0,146,1,0,0,1,69,42,12.6
0,105,1,0,0,4,99,46,11.1
0,48,1,0,0,2,84,52,16.4
0,45,1,0,0,1,107,52,11.1
0,106,1,1,2.86,2,104,86.6,10.6
0,33,1,0,0,2,65,51,7.5
0,68,1,0,0,2,97,50,10.8
0,106,1,0,0,0,66,54,12.9
0,141,1,0,0,0,111,47,11
0,98,1,0,0.33,0,122,60.3,13.3
0,94,1,1,4.35,0,88,93.5,16.1
0,65,1,0,0,2,53,44,9.8
0,85,1,0,0,1,112,45,9.8
1,71,1,0,0,3,108,71,10.1
0,112,1,1,3.59,0,113,60.9,13.3
0,110,1,0,0,0,95,42,6.9
0,111,1,0,0,2,108,61,12.7
1,74,1,0,0.32,2,112,71.2,9.7
0,105,1,0,0,2,82,37,10.9
0,40,1,0,0.28,0,82,64.8,9.6
1,128,0,1,3.67,0,89,88.7,13.6
1,123,1,0,0,2,135,64,10.1
0,122,1,0,0,0,87,43,9.5
0,114,1,1,3.4,3,100,81,12.6
0,102,1,1,2.75,2,100,66.5,10.2
0,126,1,0,0,0,93,29,14.4
1,150,1,0,0,4,112,42,12.2
1,60,1,0,0,2,101,71,11.7
0,123,1,0,0,3,85,59,13.3
1,138,0,0,0,0,129,49,15.2
0,29,1,0,0,1,71,44,14.2
0,111,1,0,0,4,96,52,11.9
1,37,0,0,0,0,119,45,9.8
1,111,1,0,0,0,109,64,11.6
0,81,1,0,0,1,84,45,13.7
0,46,1,0,0,1,108,39,12.7
0,69,1,1,4.43,0,78,111.3,16.4
0,125,1,0,0,1,95,32,8.1
0,43,1,0,0.38,3,117,22.8,10.7
0,127,1,1,1.03,1,59,53.3,3.8
0,94,1,0,0,1,112,57,9.7
0,46,1,0,0,3,85,51,11.2
0,73,1,1,2.75,2,98,59.5,10.2
0,146,1,1,2,2,96,66,7.4
0,93,1,0,0.24,1,70,65.4,10.9
0,52,1,1,2.97,1,77,70.7,11
0,202,1,0,0,3,137,35,6
0,129,1,1,2.78,2,99,79.8,10.3
0,94,1,0,0,1,49,55,13
0,100,1,0,0.21,0,138,49.1,11.2
0,43,1,0,0,1,108,59,11.3
0,130,1,0,0.28,0,105,56.8,8.9
0,124,1,0,0,3,102,51,10.9
1,92,0,0,0,3,120,61,12
0,48,1,0,0,4,64,46,13.2
0,98,1,1,1.78,2,105,55.8,6.6
1,100,1,0,0,1,86,35,12.5
0,79,1,0,0.31,3,109,41.1,11.3
0,164,1,0,0,1,78,36,12.7
0,105,1,0,0.33,1,108,52.3,10.8
0,89,0,0,0,0,134,50,10.9
1,126,1,0,0,3,96,65,12.7
0,96,1,0,0.3,1,102,47,10
0,120,1,1,3.13,0,83,96.3,11.6
1,212,1,0,0.23,2,127,67.3,12.6
0,72,1,0,0,2,106,36,9.6
0,155,0,1,3,1,121,78,11.1
0,89,1,0,0.38,2,80,34.8,9.5
0,126,0,0,0,2,126,55,12.5
1,172,1,0,0,2,102,68,12
0,75,1,0,0,3,116,55,11.3
0,143,1,0,0,2,99,44,10.2
1,166,0,0,0,0,89,31,13.2
0,132,1,0,0,1,105,48,13
1,94,0,0,0,1,94,45,7.9
0,99,1,0,0,0,83,45,12.1
0,136,1,1,1.86,1,86,79.6,6.9
0,119,1,0,0,1,82,63,7.4
1,115,0,0,0,3,69,65,9.9
0,160,1,0,0,2,103,50,13
0,166,1,0,0.26,2,89,57.6,11.2
0,120,1,0,0,1,94,41,6.7
0,173,1,0,0,1,114,47,10.3
0,156,1,0,0,0,65,47,10.6
0,70,1,0,0.31,0,125,53.1,10.9
0,41,1,0,0.31,1,89,52.1,6.8
0,132,1,0,0,0,85,52,11.2
1,47,0,0,0,0,120,24,13.3
0,160,1,0,0.28,1,97,31.8,10.3
0,180,1,0,0,3,121,41,8.8
0,93,1,0,0,2,68,46,7.8
0,109,1,0,0.36,2,58,49.6,13.1
0,80,1,0,0,0,121,40,7.3
0,54,1,1,3.13,2,88,64.3,11.6
0,121,1,0,0,2,128,40,2.9
0,157,1,1,4.05,1,102,95.5,15
0,170,1,1,3.51,0,130,86.1,13
0,138,1,0,0,3,101,50,14
0,92,1,1,3.19,1,116,83.9,11.8
0,126,1,0,0,1,143,46,13
1,41,1,0,0,3,74,68,10.9
1,167,1,0,0,4,124,44,12.4
0,91,1,0,0,2,107,49,7.3
0,127,1,0,0.26,3,117,34.6,9.7
0,88,1,1,2.94,1,106,67.4,10.9
0,113,1,0,0,1,130,30,5.4
0,78,1,0,0,2,81,48,5.3
0,123,1,0,0.26,2,92,64.6,9.4
0,136,0,1,2.43,2,98,59.3,9
0,68,1,1,1.65,1,72,59.5,6.1
0,132,1,1,3.11,0,54,87.1,11.5
0,133,1,0,0,2,67,56,3.1
0,127,1,0,0,0,105,60,3.3
0,110,1,0,0,2,105,56,8.5
0,121,1,0,0,1,142,41,8.4
0,116,1,0,0,2,128,31,14
0,112,0,1,2.81,1,72,79.1,10.4
1,97,0,0,0,4,103,50,11
0,43,1,0,0.26,2,99,40.6,6.8
0,110,1,0,0,3,106,38,11.2
0,67,1,0,0,1,120,51,10.6
0,166,1,0,0.23,0,95,39.3,9.8
0,129,1,0,0,1,122,47,9.6
0,103,0,0,0,3,78,42,6.8
1,71,1,0,0,0,110,64,11.7
0,112,1,1,3,4,121,86,11.1
0,8,1,1,1.3,1,67,69,4.8
1,98,1,0,0.2,0,121,65,12.4
0,90,1,0,0,1,111,55,13
1,13,1,0,0,0,133,67,11.5
0,58,1,0,0,2,107,57,11.8
0,137,1,1,3.08,2,42,78.8,11.4
1,116,1,0,0.33,5,94,47.3,11.3
0,94,1,1,2.67,3,107,53.7,9.9
0,87,1,0,0,3,72,52,8.6
0,120,1,0,0,2,103,50,10.2
0,97,1,1,3.27,0,109,76.7,12.1
0,134,1,0,0.35,6,108,50.5,11
0,68,1,0,0,2,80,36,15.5
0,93,1,0,0,1,93,47,12.1
0,120,1,0,0,1,100,42,10.5
0,41,1,0,0,2,92,60,10.2
0,80,1,0,0.24,2,92,56.4,7.6
0,83,1,1,4.75,2,95,101.5,17.6
0,109,0,0,0.25,2,141,55.5,7.8
0,66,1,1,1.92,3,104,44.2,7.1
0,104,1,0,0,0,88,30,12.4
0,89,1,0,0,1,96,40,11
0,127,1,0,0.32,2,112,57.2,10
0,117,1,1,2.62,1,65,75.2,9.7
0,128,1,0,0,2,95,56,14.4
1,88,1,0,0,4,61,44,6.8
1,61,1,0,0,1,104,61,17.3
0,22,1,0,0,2,108,48,9.3
0,78,1,0,0,0,80,42,13.7
0,56,1,1,1.32,1,115,32.2,4.9
0,192,1,0,0.34,2,88,54.4,11.4
0,70,1,0,0.3,2,108,45,8.6
0,148,1,0,0,1,84,58,10.9
0,65,1,1,2.38,2,129,74.8,8.8
0,119,1,0,0,1,70,41,11.3
0,80,1,0,0,0,116,51,12.8
0,152,1,1,3.59,5,105,94.9,13.3
0,113,1,0,0,3,85,31,14.4
0,75,1,0,0.26,1,133,56.6,7.2
0,80,1,0,0,1,83,48,6.4
0,148,1,0,0,1,121,17,10.6
0,63,0,0,0,1,112,28,8.9
0,97,1,1,1.81,1,97,59.1,6.7
0,166,1,0,0,0,116,39,11.3
0,94,1,0,0,1,109,50,2.6
0,85,1,1,3.65,1,95,92.5,13.5
1,80,0,0,0,1,122,64,7.2
0,210,1,1,2.73,3,87,93.3,10.1
0,88,0,1,3.51,1,114,102.1,13
0,100,1,0,0.33,4,85,67.3,9.4
0,154,1,1,3.94,1,76,66.4,14.6
0,32,1,1,2.43,1,137,86.3,9
0,18,1,0,0.27,3,97,53.7,8.7
0,126,1,1,2.35,0,88,92.5,8.7
0,144,1,1,2.7,1,102,84,10
1,29,1,0,0,2,103,72,12.8
0,86,1,1,3.05,0,88,72.5,11.3
0,138,1,1,2.21,0,102,50.1,8.2
0,146,1,0,0,3,86,53,12.2
0,175,1,0,0,1,95,43,8.7
0,74,1,0,0,2,102,44,11.7
0,48,1,0,0,2,98,43,7.6
0,74,1,1,2.67,4,70,87.7,9.9
0,105,0,0,0,0,100,52,7.7
0,157,1,0,0.39,3,71,50.9,5.9
0,217,1,0,0.29,0,138,45.9,13.3
0,68,1,0,0.28,1,61,54.8,8.4
0,80,1,0,0,1,86,36,9.5
0,38,1,1,3.62,2,106,87.2,13.4
0,107,1,1,2.24,0,57,75.4,8.3
0,140,1,0,0,3,71,44,12.6
1,98,1,0,0.38,5,116,52.8,4.7
0,114,1,0,0,2,75,41,12.6
0,46,1,0,0,1,105,43,11.8
0,118,1,1,2.81,0,105,68.1,10.4
0,37,1,0,0,3,112,60,6.6
0,34,1,0,0.31,0,74,47.1,8.8
0,98,0,1,2.92,1,54,96.2,10.8
1,113,1,0,0,3,108,64,10.7
0,69,1,0,0,0,87,54,11.9
0,121,1,0,0,2,112,40,10.5
0,59,0,1,2.46,1,78,79.6,9.1
0,59,1,0,0,0,100,43,7.4
0,190,1,0,0.26,0,96,42.6,6.6
0,109,1,0,0,1,80,51,10.2
0,136,1,0,0,2,109,35,12.9
0,86,1,0,0,1,92,30,8.8
0,100,1,1,2.16,0,100,79.6,8
0,106,1,0,0,0,94,51,8.8
0,104,1,0,0,2,107,40,17
0,129,1,0,0.41,2,100,49.1,11.5
0,205,1,0,0.32,2,123,25.2,10.1
0,93,1,1,2.97,0,120,69.7,11
0,123,1,0,0,3,98,34,11.1
0,99,1,0,0,1,120,57,6
0,61,1,1,2.94,3,53,93.4,10.9
0,71,1,0,0,1,112,50,12.1
0,4,0,0,0,0,89,51,8.9
0,148,1,1,3.65,3,102,96.5,13.5
0,141,1,0,0,1,104,47,10.8
0,56,1,0,0.37,0,57,45.7,9.2
0,160,1,0,0,3,111,60,11.5
0,43,1,1,3.13,3,105,86.3,11.6
0,42,1,0,0.33,2,52,50.3,7
0,135,0,0,0,1,107,38,12.9
0,106,1,0,0,3,110,53,6.3
0,106,1,0,0,0,133,52,11.5
0,83,1,1,2.35,3,105,91.5,8.7
0,110,1,0,0,1,109,41,11.7
0,153,1,0,0.29,1,56,51.9,15.5
0,109,1,1,2.86,5,116,90.6,10.6
0,31,1,0,0,1,84,46,8.2
1,124,1,0,0,4,120,44,7.8
1,110,1,0,0,2,108,67,9.8
0,124,1,0,0,0,104,54,14
1,82,1,0,0.31,6,77,43.1,9.4
0,122,1,0,0,1,96,37,8.4
0,137,1,0,0.21,1,115,42.1,8.9
0,69,1,0,0,1,101,44,10.6
0,46,1,1,1.94,1,102,83.4,7.2
0,103,1,0,0,1,90,44,10.5
0,16,1,0,0.21,2,84,41.1,8.2
0,119,1,0,0,3,97,30,10
1,124,0,0,0,3,71,45,10
0,122,1,1,3.13,1,107,86.3,11.6
0,139,1,0,0,4,119,60,8.3
0,67,1,0,0.31,2,78,41.1,11.2
0,84,1,0,0.27,1,83,39.7,8.9
0,101,1,1,3.4,0,71,84,12.6
0,40,1,0,0.25,0,107,42.5,7.1
0,61,1,0,0,2,105,46,10.2
1,120,0,0,0,1,72,46,13.8
0,95,1,0,0,1,98,56,8.2
0,98,1,0,0,0,101,61,0
0,114,1,0,0,2,96,42,4.6
1,68,0,1,3.65,1,113,84.5,13.5
0,149,1,1,3.05,2,102,94.5,11.3
0,22,1,0,0,0,116,54,9.6
0,176,1,0,0.34,0,151,42.4,8.7
0,152,1,0,0,2,102,47,3.4
0,118,1,0,0,0,71,48,12.8
0,101,0,0,0.17,1,51,43.7,11.7
1,102,1,0,0,2,85,65,13.1
0,118,1,0,0,2,94,58,12.5
1,105,1,0,0,2,97,72,5.8
1,153,1,0,0,1,103,51,10.1
0,71,1,0,0,0,92,35,14.6
0,71,1,1,3.54,1,90,74.4,13.1
0,68,1,0,0,2,107,55,9.4
0,66,1,0,0.33,3,98,31.3,10.5
0,101,1,0,0.25,3,118,59.5,0
0,116,1,0,0,0,84,36,13.3
0,54,1,1,3.7,0,73,88,13.7
0,112,1,1,3.11,1,122,86.1,11.5
0,122,1,1,3.78,1,85,75.8,14
0,74,1,0,0,3,114,62,6.6
0,90,1,0,0,1,83,56,7.6
1,112,1,0,0,4,123,42,9
0,85,1,0,0,4,111,46,9.9
0,100,1,0,0,1,95,50,18.2
0,114,1,0,0,2,109,46,10.1
0,83,1,0,0.24,0,106,60.4,10.2
0,157,0,0,0,0,123,48,8.4
0,51,1,0,0.31,2,107,32.1,10.4
1,42,1,0,0,1,106,72,5.8
1,101,1,1,2.38,1,125,59.8,8.8
0,112,1,0,0,3,122,50,12.6
0,56,1,0,0,2,92,48,11.8
1,53,1,0,0,9,117,51,10.1
0,64,1,1,2.05,1,80,66.5,7.6
0,123,1,0,0,0,107,42,10.9
0,68,1,1,2.59,2,93,66.9,9.6
0,40,0,0,0.23,0,100,63.3,6.4
0,132,1,0,0,0,78,58,13.9
1,120,0,0,0,2,123,51,7.4
1,108,1,1,2.46,6,108,69.6,9.1
1,161,1,0,0,1,141,71,8.9
1,130,1,0,0.24,0,102,55.4,10.6
0,122,1,0,0,0,102,49,12.2
0,130,1,1,2.92,2,87,74.2,10.8
0,90,1,0,0,1,158,45,11
0,139,1,1,2.24,0,96,53.4,8.3
0,57,1,0,0.31,3,157,51.1,11.2
0,128,1,0,0,4,86,51,14.3
0,127,0,0,0.32,2,99,55.2,10.6
1,107,1,0,0,1,71,67,13.2
0,177,1,0,0,1,99,44,11.5
0,121,1,0,0,1,70,43,11.2
0,99,0,1,2.27,0,94,69.7,8.4
1,126,0,0,0,1,87,65,11.4
1,77,1,1,4.13,5,101,84.3,15.3
0,21,1,0,0,2,109,33,13
0,56,1,0,0.33,1,80,54.3,15.5
1,92,1,1,1.73,1,130,69.3,6.4
0,81,1,0,0,2,59,50,9.2
1,139,0,1,3.62,1,82,88.2,13.4
0,68,1,0,0.34,1,76,56.4,10.5
0,183,1,1,2.35,2,119,62.5,8.7
0,90,1,0,0,0,102,38,10.9
0,165,1,0,0.13,1,88,51.3,9.3
1,89,1,0,0,1,112,70,7.5
0,59,1,0,0,0,58,51,14.8
0,16,0,0,0,0,91,32,6.4
1,114,1,0,0,5,119,39,9
0,113,1,0,0,2,141,49,11.9
0,120,1,0,0.36,2,99,36.6,9.3
0,115,1,0,0.26,0,120,51.6,11
1,37,1,0,0,2,120,64,8.9
1,100,0,0,0,2,94,43,11.6
1,132,1,0,0,4,66,46,10.9
0,38,1,1,4.1,2,98,75,15.2
0,1,1,0,0,0,113,42,3.7
0,97,1,1,1.73,1,97,54.3,6.4
0,55,1,1,2.32,2,82,58.2,8.6
0,75,1,0,0,1,121,40,13.1
0,83,1,0,0,2,104,45,9.5
1,40,1,0,0,6,123,32,11.3
0,101,1,1,2.7,2,88,86,10
0,120,1,1,4.21,0,99,85.1,15.6
0,183,1,1,2.75,1,104,73.5,10.2
1,75,1,0,0,4,88,41,13.3
0,80,1,0,0,2,114,56,12.1
0,88,1,0,0,0,65,31,11.3
0,112,1,1,2.78,1,79,103.8,10.3
0,63,1,0,0,1,96,55,13.3
1,105,1,1,2.24,4,108,62.4,8.3
0,92,1,0,0.33,2,113,58.3,11
0,177,1,0,0,1,120,45,14.6
0,118,1,0,0.43,0,115,55.3,7
0,111,1,1,3.27,1,104,75.7,12.1
0,82,1,1,1.27,3,121,65.7,4.7
0,74,1,0,0.22,0,89,33.2,11
0,121,1,1,2.62,5,70,95.2,9.7
0,131,1,0,0.31,1,79,54.1,11.6
0,125,1,0,0.3,2,90,46,11.6
0,19,1,0,0.31,1,123,49.1,12.9
0,138,1,0,0,3,119,51,13.8
0,119,1,0,0,3,117,59,7.6
0,137,1,0,0,1,120,39,11.9
1,182,1,0,0,2,118,65,10.7
0,135,1,0,0,1,107,49,13.7
0,134,1,1,2.7,1,93,82,10
0,45,1,0,0,1,103,38,9.7
0,129,1,0,0,1,145,39,7.1
0,142,1,0,0.2,4,74,57,10.4
0,130,1,1,3.29,1,120,81.9,12.2
0,163,1,1,2.38,1,126,81.8,8.8
0,105,1,0,0.4,4,99,55,14.7
0,119,1,0,0,2,96,32,9.8
0,78,1,0,0,0,95,53,11.5
0,92,1,0,0.27,2,98,47.7,10.9
0,146,1,1,2.73,2,82,73.3,10.1
0,125,1,1,2.54,1,109,54.4,9.4
0,88,1,0,0,3,93,46,8.3
0,83,1,1,2.84,0,90,59.4,10.5
0,3,0,0,0.26,1,96,51.6,7.7
1,152,0,1,1.16,1,128,61.6,4.3
0,48,1,0,0,3,146,40,8.3
0,189,1,0,0.25,3,124,56.5,5.6
0,95,1,1,2,0,87,65,7.4
1,129,1,0,0.23,1,120,45.3,10.2
0,66,1,1,2.3,0,87,70,8.5
0,80,1,1,2.51,0,115,72.1,9.3
0,1,1,0,0,1,74,43,5.3
0,84,1,0,0,1,133,40,9.9
0,96,1,0,0,1,111,54,9.1
0,123,1,1,3.56,1,80,101.6,13.2
1,116,0,1,3.16,3,91,83.6,11.7
0,105,0,0,0.31,3,106,54.1,10.3
0,80,1,0,0.24,1,114,54.4,11.3
0,157,1,0,0,2,67,54,10.2
0,67,1,1,3.48,2,117,91.8,12.9
0,141,1,1,3.32,0,127,77.2,12.3
0,79,1,1,3.24,1,95,95.4,12
0,76,1,0,0,0,93,41,5.4
0,111,1,0,0.25,0,114,40.5,9.8
0,94,1,0,0,0,135,47,6.7
1,143,1,0,0,4,72,47,10.5
0,109,1,0,0,1,125,52,9.8
0,138,1,0,0.28,2,112,40.8,9.8
0,73,1,0,0,0,45,47,8.5
1,21,1,0,0,5,95,30,11.3
0,148,1,1,2.19,1,135,79.9,8.1
0,103,1,0,0,1,91,41,8.5
0,143,1,1,2.11,1,116,60.1,7.8
0,79,1,1,1.13,2,62,37.3,4.2
0,89,1,0,0,1,59,37,10.2
0,120,1,0,0,1,110,63,13.8
0,121,1,1,2.59,1,95,83.9,9.6
0,101,1,0,0,0,66,44,13.4
0,115,1,0,0,2,114,54,16.4
0,168,1,0,0.37,2,131,50.7,9.9
0,90,1,0,0,1,96,41,13
0,70,1,0,0.3,3,105,46,12.5
0,138,1,0,0.18,1,107,59.8,13.2
0,43,1,0,0,0,125,37,12.6
0,117,1,1,2.35,2,98,70.5,8.7
0,108,1,0,0,2,105,25,10.9
0,118,1,0,0,2,119,53,10
0,169,1,0,0,3,115,39,7.2
0,62,1,1,2.75,0,95,66.5,10.2
0,86,1,0,0.17,2,125,31.7,0
0,44,1,0,0.35,0,117,56.5,10.7
1,111,1,0,0,5,88,40,12
0,127,1,1,3.29,2,115,68.9,12.2
0,151,0,0,0.26,0,70,54.6,12.4
0,53,1,0,0,2,116,45,7.9
0,15,1,0,0,2,101,36,8.4
0,123,1,1,2.11,1,105,64.1,7.8
0,137,1,0,0,1,76,50,12.1
0,106,1,0,0,2,142,40,8.4
0,88,1,0,0.26,3,116,40.6,7.8
0,106,1,0,0,1,121,59,11.8
0,95,1,0,0.13,0,57,55.3,9.7
1,57,0,0,0,0,65,30,6.4
0,184,1,0,0.21,2,93,43.1,13.1
0,109,1,0,0.37,3,102,49.7,9.9
0,127,1,0,0.27,2,93,52.7,9.2
0,82,1,0,0.38,2,122,64.8,10.7
0,180,1,0,0.4,1,134,44,10.1
0,174,1,0,0.21,2,98,56.1,7.2
1,92,1,0,0,2,60,54,12.3
0,81,1,0,0,1,99,39,18
1,125,1,0,0.32,2,108,37.2,9.2
1,119,1,0,0,0,100,70,9
0,122,1,0,0,3,86,51,6.4
0,34,1,0,0,1,80,40,14
1,138,0,1,2.89,3,117,91.9,10.7
0,90,1,1,3.48,1,82,62.8,12.9
0,73,1,0,0.22,2,121,40.2,14.2
1,19,1,0,0,1,116,68,9.5
0,120,1,1,1.86,1,123,79.6,6.9
0,160,1,0,0,3,113,40,13.2
0,141,1,0,0,0,121,40,8.2
0,90,1,0,0.32,2,72,50.2,12.2
0,72,1,0,0.31,2,117,46.1,12.7
0,117,1,1,3.21,1,112,81.1,11.9
0,79,0,0,0.31,2,134,48.1,8.4
0,87,1,0,0.43,1,119,52.3,6.6
0,102,1,0,0,1,56,53,10.9
0,49,1,0,0.15,1,91,60.5,8.9
0,67,1,0,0.34,6,107,65.4,10
0,107,1,0,0,2,100,43,6.7
0,190,1,0,0.17,2,101,51.7,9.3
0,118,1,0,0,2,80,32,10.8
0,120,1,0,0.21,0,133,54.1,16.9
0,94,1,0,0,0,114,38,9.6
0,115,1,1,3.11,1,81,86.1,11.5
0,61,1,0,0,1,67,57,9
0,143,1,1,2.08,1,130,60.8,7.7
0,110,1,0,0.33,1,69,47.3,8
0,104,1,0,0.24,1,92,38.4,12.1
0,16,1,0,0,1,65,46,10.7
0,183,1,0,0,0,87,35,13.5
0,147,1,0,0.25,2,92,47.5,14.4
1,58,1,0,0,2,116,68,9.3
0,102,0,0,0,3,81,59,12
0,123,1,0,0,3,98,48,12.8
0,64,1,1,2.3,1,100,56,8.5
0,103,1,0,0,2,62,52,7.8
1,152,1,0,0,1,60,68,10.4
1,124,1,0,0,1,112,69,12.8
0,97,1,0,0,1,121,43,13.3
1,131,1,0,0,1,95,38,15.5
0,57,1,1,3,2,105,83,11.1
0,157,1,0,0,2,92,50,8.5
0,194,1,0,0,0,106,48,11.8
0,66,1,0,0,1,107,42,7.8
0,155,1,0,0,0,90,38,8.6
1,123,1,0,0,4,104,38,12.9
0,116,1,0,0.35,2,90,50.5,7.5
0,63,1,0,0,1,78,43,12.8
0,64,1,0,0,3,78,55,11.4
0,96,1,0,0,3,122,45,9.8
0,53,1,0,0,1,106,46,11.4
0,105,1,0,0.17,3,113,57.7,8.9
0,53,1,1,3.24,2,99,77.4,12
0,101,1,0,0,1,130,45,13.9
0,129,1,1,2.51,3,95,74.1,9.3
1,122,1,0,0,1,141,63,8.8
0,163,1,0,0,5,100,50,12.8
0,93,1,0,0,0,120,43,14.3
1,115,0,0,0,1,81,76,11.8
1,25,1,0,0,1,80,69,8.4
0,73,1,0,0,1,92,33,5.8
0,120,1,0,0,2,88,54,14
0,196,1,0,0.36,1,80,44.6,10.3
1,97,1,0,0,0,90,63,8.8
0,148,1,0,0,1,120,51,11.2
0,85,1,1,3.11,1,107,82.1,11.5
1,86,0,0,0,2,131,42,11.4
0,78,1,1,1.73,2,93,80.3,6.4
0,106,1,0,0,3,89,50,15.9
0,147,1,1,3.81,2,126,103.1,14.1
1,145,1,0,0,1,89,65,16.1
0,91,1,0,0,3,100,53,9.9
0,81,1,1,1.81,4,124,70.1,6.7
0,116,1,1,2.89,1,90,81.9,10.7
0,69,1,1,1.59,1,98,54.9,5.9
0,135,1,0,0,0,130,44,11.8
0,73,1,0,0,2,102,57,8.4
0,48,1,0,0,1,88,53,7.1
1,125,0,0,0.3,0,78,77,12.2
0,100,1,0,0,1,102,49,10.9
0,165,1,1,4.32,0,140,81.2,16
0,64,1,0,0,2,98,45,10.7
0,116,0,1,1.86,1,137,66.6,6.9
1,147,0,1,3,3,109,73,11.1
0,115,1,0,0,1,113,51,11
0,84,1,1,2.03,4,138,73.3,7.5
0,86,1,1,3.13,4,105,74.3,11.6
0,134,1,0,0,2,85,56,10.9
1,105,1,0,0,0,106,55,11.6
0,88,1,0,0,2,119,41,12
0,90,1,1,3.4,2,51,81,12.6
0,86,1,0,0,1,85,51,12.5
0,37,1,0,0.3,4,126,58,6.8
1,141,1,1,1.81,1,92,97.1,6.7
0,148,1,0,0,2,148,49,9.8
0,163,1,1,3.35,2,91,82.5,12.4
0,89,1,1,3.19,1,108,78.9,11.8
0,63,1,0,0.19,0,126,52.9,10.6
0,102,1,0,0,2,106,37,12.6
0,76,1,0,0.21,1,94,53.1,10
0,104,1,0,0,2,92,45,6
0,109,1,0,0,3,82,51,5.9
0,105,1,0,0.28,2,116,46.8,11.4
0,63,1,1,3.29,1,111,90.9,12.2
0,105,1,1,2.92,3,99,93.2,10.8
0,68,0,1,3.05,1,140,75.5,11.3
0,63,0,1,2.7,1,99,66,10
0,74,1,0,0,3,114,33,10.6
0,76,1,0,0.35,0,85,53.5,12.4
1,91,0,0,0,2,110,58,12.1
0,101,1,0,0,5,114,56,11.5
1,116,1,0,0,0,120,71,13.4
0,131,1,1,3.43,1,145,84.3,12.7
0,84,1,0,0,1,114,54,9.8
0,104,1,0,0,2,100,42,4.9
0,108,1,0,0.21,3,112,59.1,9.2
0,111,1,0,0.33,0,117,48.3,9.7
0,155,1,1,3.35,1,103,66.5,12.4
0,66,1,0,0,1,85,53,6.8
0,64,1,0,0.4,1,73,56,10
0,69,1,0,0.3,2,122,64,8.9
0,116,1,0,0,3,73,63,8.9
0,101,1,0,0,0,84,60,13.5
0,15,1,0,0,2,130,39,16.1
1,88,1,0,0.39,4,136,77.9,13.4
0,197,1,0,0,0,96,59,9.5
1,50,0,0,0.34,2,108,47.4,13.7
0,172,1,0,0,2,123,45,12.7
1,188,0,1,3.89,1,115,86.9,14.4
0,85,0,0,0,3,86,40,10.1
1,103,0,0,0,1,128,56,12.1
0,136,1,1,2.7,3,84,78,10
0,155,1,1,2.32,0,91,75.2,8.6
0,145,1,0,0,2,97,38,1.1
0,116,1,1,2.43,2,108,75.3,9
0,152,1,0,0,2,92,40,9.5
1,65,0,0,0.31,0,123,64.1,9.2
1,180,1,0,0,3,105,60,6.7
0,67,1,0,0,0,117,38,12.8
0,60,1,0,0,0,109,46,5.7
0,138,1,0,0,0,96,57,12.1
1,44,1,0,0.34,4,139,69.4,7.3
0,25,1,0,0.33,2,69,63.3,14.4
0,145,1,0,0,1,82,51,3.3
0,122,1,1,2.08,2,62,69.8,7.7
1,121,1,0,0.21,0,126,44.1,13.3
0,55,0,0,0,0,77,29,12.9
0,77,1,0,0,1,84,52,13.2
0,12,1,0,0,2,98,53,9.8
0,64,1,0,0.31,3,93,54.1,14.1
0,92,1,1,2.7,2,95,77,10
1,125,0,1,4.59,1,81,104.9,17
0,160,1,0,0,1,117,56,10
0,79,1,0,0,0,83,45,15.2
0,36,1,0,0,3,97,57,7
0,102,1,0,0,2,92,47,9.7
0,138,0,0,0,1,81,61,11.6
0,164,1,0,0,3,95,54,7.3
1,125,1,0,0,0,82,64,10.1
0,72,1,0,0.28,2,113,46.8,9.8
1,74,1,0,0,3,86,73,12.3
0,134,1,1,3.21,0,82,88.1,11.9
0,145,1,0,0,1,89,54,12.4
0,136,1,0,0,0,91,37,11.6
1,209,1,0,0,3,124,63,8.5
0,66,0,0,0.28,3,84,53.8,8.3
0,152,1,1,2.13,1,108,66.3,7.9
0,162,1,0,0,1,121,21,12.1
0,72,1,0,0.2,2,133,38,11.2
0,101,1,0,0.37,4,89,67.7,9.7
0,125,1,0,0,0,128,52,13.2
0,46,1,0,0,2,105,22,9
1,132,1,0,0,1,104,70,8.9
0,193,1,1,3.16,0,58,54.6,11.7
1,63,1,0,0,0,69,66,14.7
0,124,1,0,0,1,134,55,10
0,144,1,0,0,0,101,45,11.6
0,116,1,1,1.62,2,138,65.2,6
0,189,1,1,4.16,1,116,84.6,15.4
0,97,1,1,1.65,1,93,80.5,6.1
0,137,1,1,3.27,2,94,79.7,12.1
0,142,1,1,1.16,0,104,51.6,4.3
0,84,1,0,0,1,125,51,13.8
0,119,1,1,2.7,1,110,76,10
0,158,1,0,0,1,103,41,10.3
0,50,1,0,0.29,1,127,64.9,9.6
0,98,1,0,0.39,2,82,40.9,10.1
0,101,1,1,3.51,2,95,69.1,13
1,182,1,0,0,2,124,63,9.5
0,51,1,0,0,0,111,41,12
0,117,1,0,0.26,2,94,51.6,9.9
0,92,0,0,0,0,125,56,11.7
0,86,1,0,0.3,2,71,53,6.2
0,122,1,0,0,2,93,40,8.7
0,156,1,1,4,1,137,90,14.8
1,127,1,0,0,0,91,61,13.9
1,130,0,0,0,5,106,68,16.9
0,158,1,0,0,2,114,52,0
0,145,0,1,3,1,107,73,11.1
1,90,0,1,3.59,0,104,80.9,13.3
0,127,1,1,2.48,3,113,47.8,9.2
0,109,1,0,0,1,143,50,9.9
0,88,1,0,0.27,1,90,46.7,7.5
0,101,1,1,2.92,0,116,75.2,10.8
0,171,1,0,0.25,0,122,50.5,10.3
0,21,1,0,0,1,142,57,12.4
0,145,1,1,2.89,2,94,84.9,10.7
0,90,1,0,0.28,2,124,59.8,8
0,33,1,0,0.21,1,115,46.1,7.1
1,61,1,1,2.75,2,78,61.5,10.2
0,107,1,0,0.32,3,108,52.2,13.4
1,147,1,0,0,0,92,67,6.2
0,117,1,0,0,2,84,43,7.7
0,95,1,0,0,1,116,57,14.2
0,186,1,0,0,1,97,40,8.7
0,128,1,0,0,0,94,54,7.9
0,55,1,1,2.19,3,101,60.9,8.1
0,134,1,0,0,2,86,16,12.9
0,96,1,1,3.05,1,88,74.5,11.3
0,107,1,0,0.35,0,79,61.5,10.7
0,123,1,0,0,2,106,37,12.5
0,35,1,0,0,2,59,55,5.8
0,74,1,0,0,0,136,51,12
0,130,1,0,0.23,1,129,36.3,12.6
1,137,0,0,0,0,103,56,14.2
0,88,1,0,0.31,1,116,50.1,10.5
0,80,1,0,0,3,90,23,9.5
0,116,1,1,2.21,3,104,65.1,8.2
0,123,1,1,4.02,2,88,105.2,14.9
0,120,1,0,0,1,99,37,10.7
0,146,0,0,0,1,126,46,10.5
0,106,1,1,2.21,3,100,65.1,8.2
0,121,1,1,3.24,1,85,65.4,12
0,137,1,0,0.23,1,81,40.3,9.1
0,84,1,1,1.54,2,65,53.4,5.7
0,67,1,1,3.56,1,68,82.6,13.2
1,161,1,0,0,4,84,42,5.9
1,134,1,1,1.65,2,105,78.5,6.1
1,62,0,1,3.56,0,93,93.6,13.2
0,120,1,1,2.43,1,81,83.3,9
0,130,1,1,2,0,117,73,7.4
0,20,1,0,0,2,89,54,12.3
0,68,1,0,0,1,119,45,10.3
0,112,1,0,0,0,150,54,8.5
0,77,1,0,0,3,95,50,11.3
0,109,1,0,0,2,74,53,9
0,108,1,0,0,3,101,49,11.6
0,79,1,1,2.46,1,114,74.6,9.1
1,119,1,0,0.21,3,88,64.1,10.9
1,38,1,0,0.42,5,109,52.2,9.2
1,109,1,1,2.43,6,90,66.3,9
0,78,1,0,0,1,74,34,10.8
0,134,1,0,0,0,99,63,7.2
0,47,1,1,2.08,2,89,59.8,7.7
0,59,1,1,2.46,0,110,55.6,9.1
0,151,1,0,0,0,106,58,5.5
0,129,1,0,0,1,131,32,11.1
0,107,1,1,3.89,2,104,106.9,14.4
1,137,0,0,0.21,0,112,67.1,10.9
0,76,1,0,0.38,1,142,37.8,9.3
0,24,1,0,0,0,132,50,16.2
0,169,1,0,0,2,82,44,10
0,30,1,0,0,1,68,25,10.2
0,70,1,0,0,3,87,48,9.4
1,52,0,0,0,0,118,60,11
0,3,1,0,0,4,99,45,6.1
0,38,1,0,0,2,114,38,14.4
0,104,1,0,0,3,108,57,10.6
0,27,1,0,0,1,105,32,9.1
0,166,0,1,3.08,1,126,82.8,11.4
0,13,1,0,0,2,100,56,13.6
0,52,1,0,0,2,104,50,11.8
0,114,1,1,3.13,1,77,78.3,11.6
0,156,1,0,0.42,1,106,43.2,3.5
0,90,1,1,3,0,66,86,11.1
0,62,1,0,0,2,122,42,10.8
0,82,1,1,2.97,2,95,73.7,11
0,52,1,0,0,3,80,35,12.3
0,146,1,0,0,1,77,38,10.7
0,120,1,1,1.94,2,114,79.4,7.2
1,130,1,0,0,1,113,61,18.3
0,90,1,0,0.24,1,91,29.4,11.4
0,147,0,0,0,1,113,46,10.1
1,159,1,0,0,0,68,41,10.3
0,74,1,1,3.56,4,122,78.6,13.2
0,130,1,0,0.32,0,101,61.2,5.7
0,155,0,0,0,0,94,53,11.2
0,87,1,0,0,2,80,50,16.6
1,81,1,0,0,0,48,76,13.1
0,99,1,0,0,2,78,41,14.3
0,131,1,0,0,2,110,49,10.2
1,89,1,0,0,5,71,41,10.3
1,123,0,0,0,4,106,33,6.3
0,130,1,1,3.4,1,108,97,12.6
0,99,1,0,0,1,90,34,10.5
0,36,1,0,0,1,144,49,9.9
0,87,1,0,0,3,91,36,7.5
0,139,1,0,0,2,130,60,11.6
0,189,1,0,0,1,80,50,11.7
0,96,1,1,2.81,3,115,77.1,10.4
0,112,1,0,0,2,119,36,10.3
0,75,1,0,0,1,70,55,14.3
0,178,1,1,2.84,2,88,74.4,10.5
1,112,1,0,0.28,2,97,66.8,14.2
0,108,1,1,2.92,0,110,70.2,10.8
0,100,1,0,0,0,98,33,14
0,121,1,1,2.54,0,110,80.4,9.4
0,116,1,0,0.16,1,101,29.6,10
0,161,1,0,0,1,100,48,11.5
0,19,0,0,0,0,98,59,4.5
0,104,1,0,0,1,123,53,10.1
0,119,0,1,3.29,0,101,80.9,12.2
0,125,1,0,0,0,102,51,8
0,156,1,0,0,1,122,56,7.7
0,109,1,0,0,2,128,42,10
0,95,1,0,0,2,109,40,8.2
0,90,1,0,0,1,126,35,4.6
0,105,1,1,2.35,2,112,65.5,8.7
0,101,1,0,0,1,124,54,10.6
0,95,1,0,0,1,96,48,8.1
0,123,1,0,0.24,0,88,49.4,10
0,160,1,0,0.17,1,77,56.7,5.6
0,141,1,1,2,1,123,94,7.4
0,87,1,0,0,0,125,16,11.5
0,81,1,0,0,2,80,50,11.8
0,75,1,1,3.54,4,90,92.4,13.1
0,126,1,1,3.27,0,125,68.7,12.1
0,28,1,0,0,3,102,55,9.7
0,153,1,0,0.33,0,102,56.3,12.5
1,97,1,1,2.32,2,87,62.2,8.6
0,115,1,0,0,2,128,34,11.1
0,95,1,0,0,1,83,54,11.2
1,17,0,0,0.36,0,118,51.6,13.6
0,105,1,1,2.4,1,114,78,8.9
0,121,1,0,0,2,100,37,9.1
0,125,1,0,0,2,89,55,11.3
0,124,1,0,0,2,98,36,9.2
0,35,1,0,0,2,67,39,6.9
1,134,1,0,0,0,93,70,12.3
0,123,1,1,1.78,3,77,75.8,6.6
0,124,1,0,0,3,61,56,10.4
0,133,1,0,0,2,92,46,6.5
0,185,1,1,2.59,0,123,74.9,9.6
0,1,1,1,2.7,1,68,67,10
0,107,1,0,0,1,108,53,9.8
0,91,1,1,1.67,1,98,65.7,6.2
1,178,0,0,0,2,134,34,11.4
0,123,1,0,0.2,1,49,58,9.8
1,170,1,0,0,1,44,63,8.7
0,135,1,0,0,1,44,47,8.4
0,85,1,0,0,1,88,48,9.9
0,134,1,1,3,2,130,77,11.1
0,148,1,1,2.94,1,141,60.4,10.9
1,93,1,0,0.24,1,101,69.4,8.4
0,138,1,0,0,0,104,54,11.6
0,159,1,0,0,0,98,36,12.2
0,103,1,1,3.19,1,80,67.9,11.8
0,150,1,1,1.94,0,112,68.4,7.2
0,37,1,0,0.32,3,98,48.2,14.7
0,33,0,0,0,0,99,41,6.4
0,55,1,0,0,1,130,59,9.1
0,134,1,1,4.48,0,94,75.8,16.6
0,107,1,0,0,2,90,34,5.6
0,80,1,1,1.03,1,115,65.3,3.8
1,78,1,0,0,1,108,37,7.9
1,85,1,1,2.51,4,88,61.1,9.3
0,61,1,1,2.7,2,106,86,10
0,97,1,1,1.81,5,94,73.1,6.7
0,136,0,0,0,2,103,44,10.4
0,135,1,0,0.32,3,100,41.2,3.8
0,87,1,1,0,1,122,45,0
0,165,1,0,0,0,67,59,12.8
1,148,1,0,0,2,104,65,7.9
0,99,1,0,0,2,102,39,7.7
0,123,1,0,0,2,78,46,9.1
0,127,0,0,0.3,1,87,66,13
0,151,1,0,0,0,89,45,4.3
0,185,1,0,0.19,1,92,46.9,10.8
0,65,1,1,3.38,4,119,81.8,12.5
0,58,1,0,0,4,126,57,14.4
0,104,1,0,0.3,2,87,36,10.5
0,44,1,0,0,0,89,49,8.3
0,58,1,0,0,4,112,53,0
0,108,1,0,0,0,117,50,9.4
0,132,1,0,0,1,88,43,10.7
0,80,1,0,0.35,2,67,41.5,15.9
0,162,1,0,0,2,98,44,10.2
0,110,1,0,0,2,62,41,16.7
1,96,1,0,0,1,105,69,10.3
1,168,1,0,0,2,134,49,11.6
1,72,1,0,0,4,116,69,5
0,125,1,1,2.75,1,104,67.5,10.2
0,170,1,0,0,2,106,49,9.8
0,71,1,0,0.32,3,84,55.2,14.9
0,124,1,0,0,1,109,40,12.9
0,68,1,0,0,2,68,57,10.9
0,97,1,0,0,1,134,36,11.8
0,98,0,0,0,1,71,53,2.1
1,24,1,0,0,2,73,37,8.6
0,136,1,0,0.16,0,63,54.6,9.8
1,44,1,0,0,0,86,65,9.5
0,96,1,1,3.62,0,90,72.2,13.4
0,31,1,0,0.19,1,129,40.9,7
0,72,1,0,0,0,102,51,13.3
0,24,1,0,0,1,104,35,7.3
0,112,1,1,3.11,4,89,92.1,11.5
1,117,0,0,0,1,118,71,10
0,137,1,1,2.11,0,96,72.1,7.8
0,136,1,0,0,0,75,37,9.8
0,95,1,0,0,0,103,49,14
0,82,1,1,1.11,1,73,57.1,4.1
1,145,1,0,0,1,116,67,9
0,56,0,0,0,1,114,49,10.5
0,155,0,0,0,2,146,56,10
1,133,1,0,0,0,100,37,11.8
0,53,1,0,0,2,113,37,12.9
1,123,1,0,0,5,87,61,8.2
0,136,1,0,0,7,83,49,9.8
0,57,1,0,0,3,113,46,8.4
0,62,1,0,0,1,111,37,10.3
0,112,1,0,0,1,94,37,8.6
0,55,1,1,1.97,1,91,72.7,7.3
1,95,1,0,0,6,115,41,6.3
0,125,1,0,0,1,65,58,9.1
1,1,1,0,0,5,106,43,10
1,98,1,1,2.16,6,81,64.6,8
0,105,1,0,0,1,88,58,5.4
0,113,1,1,3.13,0,102,78.3,11.6
1,99,1,0,0,3,44,62,7.9
0,103,1,0,0,1,134,39,8.4
0,177,1,0,0,1,81,53,8
0,149,1,1,2.75,0,132,76.5,10.2
1,160,1,0,0,1,136,63,13.9
0,116,1,0,0,2,54,37,7.9
0,90,1,1,1.73,1,94,58.3,6.4
1,148,0,0,0.21,0,81,58.1,9.6
1,147,1,1,2.73,2,134,73.3,10.1
0,95,1,0,0,0,96,28,10.4
0,201,1,0,0.24,1,72,58.4,7
0,80,1,0,0,0,89,37,11.8
0,122,0,0,0,1,117,44,11.5
0,132,1,0,0,0,100,46,6.7
0,83,1,0,0,1,71,54,13
1,99,1,0,0.12,7,107,42.2,8.8
1,84,1,0,0,3,86,62,14.3
0,46,1,0,0.3,1,67,38,9.7
0,87,1,0,0,2,106,46,8.9
0,150,1,0,0,1,117,53,7.9
0,73,1,0,0.43,1,112,52.3,10.8
0,7,1,0,0,3,87,60,11
0,89,1,1,2.84,2,105,73.4,10.5
1,131,0,0,0.34,3,83,34.4,13.7
0,105,1,0,0,3,96,59,12
1,108,0,0,0.38,2,114,41.8,13.8
0,47,1,1,2.24,1,109,64.4,8.3
0,101,0,0,0,1,116,38,7.3
0,182,1,1,3.13,1,104,65.3,11.6
0,161,1,0,0,1,73,48,12.5
1,128,1,0,0,1,130,65,5.5
0,69,1,1,3.56,2,63,85.6,13.2
0,113,1,1,3.59,1,63,55.9,13.3
0,87,1,1,2.11,0,114,85.1,7.8
0,71,1,0,0.21,0,70,60.1,12.3
0,76,1,0,0,1,69,54,9.6
0,87,1,0,0.42,3,109,53.2,14.5
0,117,1,0,0.39,1,82,40.9,11.5
1,177,1,0,0,3,91,65,8.9
0,95,1,0,0,1,104,36,9.4
0,76,1,0,0,1,78,51,16.2
0,66,1,0,0,2,103,51,10.5
0,110,1,0,0.23,1,124,45.3,9.9
0,204,1,0,0,3,145,49,14.1
0,32,1,1,3.51,0,97,91.1,13
0,133,1,1,1.81,5,107,81.1,6.7
0,185,1,0,0,2,97,34,12.1
0,103,1,1,2.86,1,78,75.6,10.6
0,91,1,0,0,1,100,35,11.1
0,131,1,0,0,2,89,50,5.2
0,153,1,0,0,0,127,41,11.8
0,132,1,1,1.92,2,96,62.2,7.1
0,148,1,0,0.15,1,92,49.5,14.6
0,141,1,0,0,5,90,62,6
0,105,1,0,0,2,102,39,12.2
1,169,1,0,0.25,3,105,61.5,13.8
0,127,1,1,2.65,1,80,76.5,9.8
0,57,1,0,0,0,92,32,10.1
0,123,1,1,0.78,0,87,42.8,2.9
1,103,1,1,3.75,4,101,74.5,13.9
0,101,1,0,0,1,89,38,11.5
0,123,1,1,4.21,2,105,83.1,15.6
0,78,1,1,2.92,6,116,82.2,10.8
0,101,1,1,2.54,4,96,87.4,9.4
0,129,1,0,0,1,98,46,12.5
0,67,1,1,2.48,0,114,70.8,9.2
0,37,1,0,0,3,116,47,14
0,64,0,0,0.26,3,83,40.6,12.5
0,173,1,0,0,1,103,28,7.8
0,135,1,0,0.33,1,115,49.3,13.6
0,75,1,1,3.02,1,93,87.2,11.2
1,88,1,0,0,4,112,34,11.6
0,112,1,0,0,3,112,55,9.4
0,113,1,0,0,0,137,48,6.5
0,121,1,1,1.73,2,94,48.3,6.4
0,70,1,0,0,1,145,42,10.5
0,90,1,0,0.22,0,103,44.2,10.5
0,39,1,0,0,0,83,33,6.5
0,142,1,0,0.42,0,134,57.2,8.3
0,176,1,0,0.32,1,101,51.2,9
0,105,1,0,0.3,1,81,48,8.5
1,57,1,0,0,2,74,66,10.5
0,110,1,0,0.24,1,92,28.4,14.8
0,88,1,0,0,2,81,46,12.8
0,95,1,0,0,0,119,46,14
0,147,1,0,0,3,83,40,15.6
1,101,1,0,0,4,92,43,13.5
0,115,1,0,0,1,111,49,15.6
0,103,1,0,0,2,103,40,12.9
0,82,1,0,0,0,112,51,7
0,141,1,0,0,0,126,52,9.1
0,149,1,0,0,2,80,47,9.7
0,131,1,0,0,2,123,58,10.7
0,119,1,0,0,1,108,39,7.3
0,112,1,0,0.26,3,83,53.6,7.1
0,116,1,1,3.19,2,103,66.9,11.8
0,94,1,0,0,3,98,53,8.4
0,90,1,0,0.22,2,93,56.2,12.4
0,114,1,1,3.51,0,98,89.1,13
0,63,1,1,3.29,1,137,75.9,12.2
1,130,1,0,0.33,4,129,70.3,8.7
0,122,1,1,2.27,3,83,79.7,8.4
0,166,1,0,0,3,93,53,7.2
0,62,1,0,0,0,98,32,10.1
0,78,1,1,2.57,2,85,72.7,9.5
0,148,1,1,2.67,1,91,67.7,9.9
1,154,1,0,0,3,122,45,12
0,110,1,1,1.7,1,114,61,6.3
1,75,1,0,0,0,106,68,8.5
0,84,1,1,2,2,106,66,7.4
0,113,1,0,0.27,1,88,32.7,6.6
0,181,1,1,1.7,2,61,64,6.3
0,51,1,0,0,2,88,43,10
0,102,1,1,3.86,0,86,102.6,14.3
0,107,1,0,0,1,95,24,13.2
1,88,1,0,0,5,99,38,7.9
0,82,1,0,0.21,0,102,46.1,17.5
0,204,1,0,0,6,85,52,5.9
0,130,1,0,0,3,63,51,12.1
0,174,1,0,0,0,108,53,12.5
0,129,1,0,0,2,113,49,12.1
0,190,0,0,0,3,55,38,10
0,54,0,0,0,3,91,54,11.2
0,78,1,0,0,0,88,52,8.6
0,100,1,1,2.4,1,127,76,8.9
0,70,1,1,2.54,3,72,64.4,9.4
0,111,1,0,0.35,1,119,34.5,12.1
0,117,1,0,0,1,98,36,10.6
0,68,1,0,0,0,93,29,10.1
1,27,1,0,0.36,2,95,65.6,8.2
0,91,1,0,0,1,61,37,10.5
0,181,1,1,2.86,1,93,82.6,10.6
0,118,1,1,2.65,3,106,91.5,9.8
0,112,1,0,0,2,114,48,10
0,93,1,0,0,0,121,47,12
0,102,1,0,0,0,94,45,10.1
0,93,1,0,0,0,131,46,10.4
0,107,1,1,2.21,1,101,63.1,8.2
0,100,1,1,3.4,3,123,75,12.6
0,115,1,0,0,2,111,53,13.2
0,63,1,1,2.78,0,61,79.8,10.3
0,57,1,0,0,0,101,58,9.5
0,119,1,1,3.13,1,100,69.3,11.6
0,73,1,0,0.41,1,92,48.1,9.1
0,98,1,1,2.97,2,71,64.7,11
0,139,0,0,0,0,121,44,11.2
0,31,1,1,2.86,1,116,78.6,10.6
0,129,1,1,3.08,1,99,80.8,11.4
1,115,1,0,0,7,89,41,9.3
1,108,1,0,0.27,2,99,71.7,14
0,139,1,0,0.35,0,110,38.5,12.1
0,102,1,0,0,4,125,57,10
0,149,1,0,0,1,83,50,8.8
0,113,1,0,0,2,143,46,13.1
0,131,1,1,1.4,1,100,61,5.2
0,83,1,0,0,0,101,34,11.4
0,96,1,1,2.92,2,95,93.2,10.8
0,98,1,0,0,1,77,41,8.5
0,3,1,0,0,3,120,49,14.1
0,77,1,1,3.05,0,84,82.5,11.3
0,75,1,1,2.54,3,119,79.4,9.4
1,40,1,0,0,4,115,41,10.5
0,108,1,0,0,0,102,60,10.6
1,100,1,0,0,4,96,37,11.7
0,16,1,0,0.33,3,100,51.3,10.2
0,115,1,1,1.51,2,110,54.1,5.6
0,108,1,1,2.35,3,88,62.5,8.7
0,107,1,0,0.21,5,76,48.1,8.3
1,161,1,0,0,2,100,75,7.8
0,147,1,0,0.26,2,74,51.6,10.4
0,107,1,0,0,3,94,35,11.4
0,120,1,0,0.26,1,123,53.6,10.8
0,107,1,1,2.78,1,83,59.8,10.3
0,58,1,0,0,3,96,37,14.7
0,91,1,0,0,2,121,40,13.3
0,13,1,0,0,2,139,45,7.1
0,104,1,0,0.27,5,127,65.7,15.2
0,93,1,1,2.89,1,85,87.9,10.7
0,95,1,0,0.22,2,95,49.2,12.8
0,104,1,0,0.34,3,141,38.4,10
1,35,1,0,0,5,115,37,10.3
0,62,1,0,0,3,94,50,8.8
0,143,1,0,0,1,112,52,13.9
0,62,1,0,0,4,91,53,8.5
1,60,0,0,0,0,97,59,11
0,41,1,0,0,1,138,54,11.9
0,34,1,1,2.89,2,100,75.9,10.7
1,56,1,0,0.25,0,112,64.5,7.1
0,183,1,0,0.28,1,100,56.8,9.5
0,94,1,0,0,2,111,51,10.5
0,73,1,1,1.7,2,117,64,6.3
0,123,1,0,0,2,94,33,9.6
0,64,1,0,0.29,3,97,38.9,10.4
1,127,0,0,0,4,60,40,6.2
0,33,1,0,0,3,111,49,9.3
0,27,1,0,0,1,67,60,7.8
0,123,1,0,0,0,99,56,2.1
0,148,1,0,0,2,95,53,10
0,81,1,0,0,0,121,42,13.3
0,122,1,1,1.86,2,108,82.6,6.9
0,52,1,0,0,1,97,58,11
0,91,1,1,2.46,1,101,76.6,9.1
1,54,1,0,0.21,2,85,64.1,10.2
0,152,1,0,0,1,93,51,9
1,201,1,0,0,1,110,64,11.2
1,78,1,0,0.4,4,115,32,12
0,67,1,0,0.14,0,70,43.4,7.5
0,100,1,0,0,1,125,50,9.7
0,41,1,0,0,3,67,59,12.3
0,133,1,0,0,3,71,41,12.9
0,36,1,1,2.32,2,123,40.2,8.6
0,51,1,1,2.24,0,121,87.4,8.3
0,122,1,0,0,0,128,37,8.1
0,84,1,1,3.46,1,102,73.6,12.8
0,91,1,0,0,0,128,50,13.8
0,110,1,0,0.34,1,102,51.4,9.4
0,91,0,0,0,1,115,35,12.2
0,121,1,0,0,5,74,54,10.1
0,109,1,0,0.31,3,100,54.1,7.8
0,95,1,0,0,2,116,44,8.4
0,72,1,0,0.28,0,88,49.8,6.8
0,73,1,0,0.31,0,130,58.1,11.9
0,108,1,0,0.33,3,126,50.3,9.4
0,58,1,1,1.46,1,40,74.6,5.4
0,148,0,0,0,1,111,51,8.2
1,76,0,0,0,0,110,60,13.2
1,103,1,0,0,6,151,43,15.8
1,87,1,0,0,0,83,53,9.3
0,35,1,1,1.35,2,76,59.5,5
0,88,1,0,0,1,67,34,10.8
0,67,1,1,3.62,0,86,80.2,13.4
0,77,1,1,2.62,2,89,81.2,9.7
0,124,1,0,0,1,108,44,12.2
0,30,1,0,0,0,107,58,11.3
0,53,1,1,3.46,2,63,76.6,12.8
0,152,1,0,0.23,1,84,44.3,11.8
0,100,0,0,0,1,98,26,9.7
0,59,1,1,2.38,1,120,77.8,8.8
0,143,1,0,0,3,120,52,6.9
0,142,1,1,1.73,1,101,79.3,6.4
0,105,1,0,0.23,1,96,64.3,10.5
1,111,1,0,0,1,90,76,10.8
0,143,1,0,0,1,107,42,10.2
0,93,1,1,3.16,0,123,100.6,11.7
0,79,1,0,0,2,135,57,10.4
1,68,0,1,3.83,3,92,83.3,14.2
0,93,0,0,0.32,1,114,56.2,11.4
0,103,1,0,0.38,2,134,27.8,12
0,144,1,1,1,0,86,39,3.7
0,93,1,0,0.19,1,141,46.9,12
0,149,0,0,0.27,3,79,50.7,8.8
0,23,1,1,2.54,1,84,66.4,9.4
0,221,1,1,0.65,0,85,56.5,2.4
0,164,1,1,3.56,1,100,96.6,13.2
0,104,1,1,3.62,2,66,86.2,13.4
0,150,1,1,2.38,2,72,76.8,8.8
0,184,1,1,2.75,0,76,83.5,10.2
0,88,1,0,0.31,1,94,51.1,8.5
0,61,0,1,3.16,3,119,68.6,11.7
0,110,1,0,0,2,145,45,16.7
1,115,1,0,0,3,101,63,12.3
0,33,1,0,0,2,81,60,8.4
1,100,1,0,0.2,2,117,64,7.5
0,209,1,0,0,0,105,43,10.7
0,27,1,0,0,5,81,58,15
0,117,1,0,0.22,1,86,55.2,7.8
0,87,1,0,0,1,79,48,4.2
0,129,1,1,1.78,1,89,66.8,6.6
0,142,1,0,0,1,102,54,9.9
0,112,1,0,0,0,79,35,6.3
0,75,1,1,0.68,1,96,55.8,2.5
0,97,1,1,1.32,3,101,55.2,4.9
0,121,1,1,2.03,0,95,81.3,7.5
0,142,0,0,0,1,140,44,10.9
1,121,1,0,0,3,93,67,8.8
0,87,1,1,2.75,2,99,69.5,10.2
0,34,1,0,0,1,65,55,5
1,177,0,0,0,1,118,57,11.3
0,58,1,1,2.27,0,111,73.7,8.4
1,113,0,0,0,5,112,32,10.3
0,101,1,0,0,1,87,59,7.2
0,89,1,0,0,3,101,30,12.6
1,77,0,1,3.21,0,117,70.1,11.9
1,146,1,0,0,4,104,38,3.9
0,93,1,0,0,0,85,44,11.5
0,160,1,0,0,0,66,56,11.7
0,55,1,0,0,0,103,47,13.5
0,88,1,0,0,2,105,61,9.2
0,63,1,0,0,0,87,51,11.7
0,127,1,1,2.43,1,69,66.3,9
0,57,1,1,3.97,1,105,94.7,14.7
1,138,0,0,0,2,61,65,11
0,115,1,0,0.23,3,115,61.3,17
0,171,1,0,0.31,2,110,44.1,13.3
0,148,1,0,0.29,2,115,60.9,13.4
0,127,1,0,0.35,1,79,45.5,15
0,61,1,0,0.2,1,76,61,13.9
0,131,1,0,0,1,73,45,7.3
0,88,1,0,0,1,107,47,10.1
0,130,1,0,0.26,2,81,42.6,6
0,89,1,1,1.59,0,98,50.9,5.9
1,82,1,0,0,3,83,65,11
0,138,1,1,2.62,3,139,76.2,9.7
0,115,1,0,0,1,92,55,8.8
1,84,1,0,0,2,100,70,12.7
0,117,0,0,0,1,121,55,10.5
0,60,1,0,0,2,67,49,12.8
0,62,1,0,0,2,84,35,12.5
1,133,1,0,0,2,141,70,12.9
0,131,1,0,0.28,3,108,58.8,14.7
0,65,1,0,0,1,109,54,8
0,120,1,1,0,1,115,36,0
0,142,1,1,2.38,1,114,74.8,8.8
0,134,1,0,0,2,115,39,10
0,87,1,0,0,2,97,55,10.6
0,139,1,1,2.24,2,85,81.4,8.3
1,76,1,0,0,4,140,39,10
0,100,1,0,0,1,122,47,5.1
0,99,1,1,2.08,3,71,79.8,7.7
0,99,1,0,0,3,96,62,12.4
0,48,1,1,3.56,1,109,79.6,13.2
0,57,1,0,0,0,117,37,11.8
0,106,1,1,3.54,0,105,92.4,13.1
1,170,1,1,2.94,4,119,75.4,10.9
0,78,1,0,0.17,1,105,44.7,4.9
0,39,1,0,0,1,110,42,13.2
0,127,1,0,0,0,128,35,0
1,119,0,1,3.75,1,119,86.5,13.9
0,114,1,0,0.12,1,85,44.2,11.7
0,95,1,0,0,0,133,46,9.1
0,116,1,0,0,1,106,27,12.3
0,110,1,0,0,1,88,54,11.7
0,74,1,0,0,1,77,53,9
0,148,1,1,3.05,1,84,86.5,11.3
0,83,1,0,0,1,70,34,12.3
0,73,1,0,0,2,95,45,11
0,111,1,1,1.92,1,94,61.2,7.1
1,84,1,0,0,0,113,65,10.4
0,75,0,0,0.29,1,78,46.9,7.8
0,114,1,1,3.11,2,88,68.1,11.5
1,71,0,0,0,4,114,49,13.8
0,58,1,1,3.11,2,127,90.1,11.5
0,106,1,1,2.19,1,131,53.9,8.1
0,172,1,0,0,4,109,55,17.8
0,45,1,0,0,1,87,50,13.3
0,100,0,0,0,4,112,57,12
0,94,1,0,0.21,2,91,43.1,13.6
0,128,1,0,0,2,94,50,6.9
0,181,1,0,0.26,2,130,54.6,14.2
0,127,1,0,0,1,128,30,10
0,89,1,0,0.29,1,81,53.9,9.1
0,149,1,1,1.76,0,106,52.6,6.5
0,103,1,1,3.32,0,111,80.2,12.3
0,163,0,0,0,1,90,50,7.8
0,52,1,0,0.34,2,131,50.4,11.6
0,89,1,0,0.25,3,99,40.5,15.9
1,122,0,0,0.3,4,101,44,9.7
0,60,1,0,0,3,118,41,13.2
1,62,1,0,0,4,105,78,11.5
1,117,1,0,0.39,5,126,45.9,13.6
0,159,1,0,0,1,114,46,11.6
0,78,1,0,0.23,2,99,45.3,9.3
0,96,1,0,0.36,1,128,46.6,14.9
0,79,1,0,0,2,98,40,11.8
0,192,1,1,2.67,2,77,71.7,9.9
0,68,1,0,0.34,3,57,56.4,9.6
0,28,1,0,0,2,109,56,14.1
0,184,0,0,0,2,105,50,5
0,74,1,1,3.7,0,113,100,13.7
